,date,retail_and_recreation_percent_change_from_baseline,grocery_and_pharmacy_percent_change_from_baseline,parks_percent_change_from_baseline,transit_stations_percent_change_from_baseline,workplaces_percent_change_from_baseline,residential_percent_change_from_baseline,Positif Harian
0,2020-02-15,-2.0,-2.0,-8.0,1.0,5,1,0
1,2020-02-16,-3.0,-3.0,-7.0,-4.0,2,2,2
2,2020-02-17,-3.0,-4.0,-7.0,-1.0,3,1,0
3,2020-02-18,-3.0,-2.0,-4.0,1.0,2,1,0
4,2020-02-19,-3.0,-4.0,-3.0,0.0,1,1,0
5,2020-02-20,-2.0,-1.0,-1.0,4.0,1,1,2
6,2020-02-21,-2.0,-3.0,-5.0,2.0,5,1,0
7,2020-02-22,0.0,0.0,-5.0,1.0,5,0,2
8,2020-02-23,-2.0,-1.0,-5.0,-4.0,3,1,13
9,2020-02-24,-2.0,-3.0,-4.0,-1.0,4,1,8
10,2020-02-25,-5.0,-2.0,-6.0,-6.0,-2,3,7
11,2020-02-26,-2.0,-1.0,-3.0,0.0,3,0,0
12,2020-02-27,0.0,2.0,-3.0,2.0,4,0,35
13,2020-02-28,1.0,3.0,-5.0,3.0,5,1,27
14,2020-02-29,2.0,6.0,-7.0,4.0,6,0,21
15,2020-03-01,1.0,5.0,-8.0,0.0,3,1,17
16,2020-03-02,5.0,12.0,0.0,3.0,5,0,38
17,2020-03-03,3.0,10.0,-2.0,2.0,5,0,55
18,2020-03-04,0.0,4.0,-5.0,-1.0,4,1,82
19,2020-03-05,4.0,8.0,-1.0,3.0,4,0,60
20,2020-03-06,2.0,4.0,-3.0,3.0,6,1,81
21,2020-03-07,3.0,6.0,-4.0,3.0,6,0,64
22,2020-03-08,1.0,4.0,-4.0,-1.0,4,1,65
23,2020-03-09,2.0,3.0,-1.0,1.0,5,1,107
24,2020-03-10,3.0,6.0,2.0,1.0,4,1,104
25,2020-03-11,3.0,5.0,2.0,1.0,4,1,103
26,2020-03-12,2.0,3.0,0.0,1.0,4,1,153
27,2020-03-13,2.0,3.0,-2.0,1.0,6,1,109
28,2020-03-14,-2.0,3.0,-6.0,-5.0,5,1,130
29,2020-03-15,-7.0,3.0,-12.0,-12.0,4,3,129
30,2020-03-16,-7.0,2.0,-8.0,-12.0,-8,5,114
31,2020-03-17,-9.0,1.0,-10.0,-16.0,-13,6,149
32,2020-03-18,-11.0,0.0,-12.0,-21.0,-16,8,113
33,2020-03-19,-16.0,-5.0,-17.0,-26.0,-17,9,196
34,2020-03-20,-19.0,-7.0,-21.0,-31.0,-18,10,106
35,2020-03-21,-23.0,-5.0,-30.0,-33.0,-11,9,181
36,2020-03-22,-32.0,-15.0,-39.0,-42.0,-7,10,218
37,2020-03-23,-27.0,-12.0,-25.0,-41.0,-27,13,247
38,2020-03-24,-29.0,-11.0,-26.0,-42.0,-31,13,218
39,2020-03-25,-38.0,-20.0,-31.0,-52.0,-59,21,337
40,2020-03-26,-34.0,-17.0,-30.0,-46.0,-34,15,219
41,2020-03-27,-36.0,-17.0,-34.0,-49.0,-33,16,330
42,2020-03-28,-42.0,-20.0,-46.0,-50.0,-23,15,399
43,2020-03-29,-47.0,-27.0,-52.0,-54.0,-15,15,316
44,2020-03-30,-36.0,-20.0,-32.0,-51.0,-34,16,282
45,2020-03-31,-35.0,-16.0,-32.0,-49.0,-35,15,297
46,2020-04-01,-31.0,-10.0,-28.0,-49.0,-35,15,380
47,2020-04-02,-33.0,-13.0,-29.0,-50.0,-35,16,407
48,2020-04-03,-35.0,-17.0,-34.0,-53.0,-34,17,325
49,2020-04-04,-40.0,-20.0,-45.0,-54.0,-25,15,327
50,2020-04-05,-43.0,-24.0,-50.0,-58.0,-17,14,185
51,2020-04-06,-34.0,-20.0,-31.0,-54.0,-34,16,375
52,2020-04-07,-33.0,-16.0,-30.0,-51.0,-35,15,283
53,2020-04-08,-34.0,-17.0,-30.0,-52.0,-36,15,357
54,2020-04-09,-31.0,-13.0,-28.0,-50.0,-35,15,436
55,2020-04-10,-43.0,-28.0,-37.0,-64.0,-60,24,396
56,2020-04-11,-43.0,-24.0,-46.0,-59.0,-30,17,275
57,2020-04-12,-46.0,-27.0,-50.0,-61.0,-17,15,214
58,2020-04-13,-33.0,-19.0,-29.0,-56.0,-35,17,415
59,2020-04-14,-34.0,-19.0,-29.0,-54.0,-36,16,260
60,2020-04-15,-35.0,-19.0,-29.0,-55.0,-36,17,347
61,2020-04-16,-34.0,-18.0,-29.0,-56.0,-36,17,433
62,2020-04-17,-38.0,-23.0,-35.0,-58.0,-35,18,292
63,2020-04-18,-43.0,-25.0,-46.0,-58.0,-24,15,349
64,2020-04-19,-45.0,-26.0,-49.0,-60.0,-14,14,395
65,2020-04-20,-34.0,-19.0,-29.0,-56.0,-34,16,484
66,2020-04-21,-35.0,-19.0,-31.0,-55.0,-36,16,367
67,2020-04-22,-34.0,-16.0,-28.0,-53.0,-36,15,338
68,2020-04-23,-32.0,-10.0,-28.0,-50.0,-37,15,336
69,2020-04-24,-49.0,-30.0,-45.0,-64.0,-43,22,533
70,2020-04-25,-50.0,-29.0,-53.0,-64.0,-30,19,387
71,2020-04-26,-53.0,-34.0,-58.0,-68.0,-18,18,233
72,2020-04-27,-43.0,-28.0,-38.0,-62.0,-36,19,484
73,2020-04-28,-43.0,-26.0,-38.0,-61.0,-38,18,689
74,2020-04-29,-42.0,-24.0,-36.0,-60.0,-37,18,568
75,2020-04-30,-40.0,-19.0,-35.0,-58.0,-36,18,490
76,2020-05-01,-44.0,-23.0,-42.0,-67.0,-59,25,529
77,2020-05-02,-46.0,-24.0,-50.0,-62.0,-28,18,489
78,2020-05-03,-48.0,-28.0,-55.0,-65.0,-14,17,496
79,2020-05-04,-38.0,-21.0,-34.0,-60.0,-35,18,486
80,2020-05-05,-39.0,-19.0,-34.0,-58.0,-36,18,693
81,2020-05-06,-38.0,-18.0,-33.0,-58.0,-36,18,973
82,2020-05-07,-44.0,-18.0,-37.0,-62.0,-58,24,634
83,2020-05-08,-44.0,-19.0,-41.0,-59.0,-35,19,949
84,2020-05-09,-48.0,-22.0,-52.0,-59.0,-26,17,526
85,2020-05-10,-48.0,-23.0,-54.0,-62.0,-12,16,479
86,2020-05-11,-39.0,-16.0,-36.0,-56.0,-34,18,415
87,2020-05-12,-38.0,-13.0,-33.0,-54.0,-35,18,686
88,2020-05-13,-37.0,-12.0,-32.0,-54.0,-34,17,687
89,2020-05-14,-36.0,-10.0,-32.0,-53.0,-34,17,678
90,2020-05-15,-36.0,-9.0,-34.0,-54.0,-32,16,557
91,2020-05-16,-37.0,-8.0,-43.0,-53.0,-22,15,700
92,2020-05-17,-40.0,-13.0,-50.0,-57.0,-8,15,467
93,2020-05-18,-33.0,-10.0,-32.0,-54.0,-33,17,609
94,2020-05-19,-29.0,1.0,-27.0,-48.0,-34,16,684
95,2020-05-20,-26.0,3.0,-24.0,-47.0,-34,16,585
96,2020-05-21,-24.0,12.0,-21.0,-47.0,-57,20,703
97,2020-05-22,-27.0,7.0,-26.0,-49.0,-46,19,993
98,2020-05-23,-35.0,6.0,-36.0,-49.0,-39,16,672
99,2020-05-24,-51.0,-30.0,-45.0,-59.0,-24,8,847
100,2020-05-25,-40.0,-17.0,-16.0,-59.0,-70,19,1043
101,2020-05-26,-36.0,-12.0,-20.0,-54.0,-48,16,1240
102,2020-05-27,-32.0,-8.0,-20.0,-53.0,-42,16,979
103,2020-05-28,-32.0,-8.0,-23.0,-52.0,-38,16,1111
104,2020-05-29,-33.0,-11.0,-30.0,-55.0,-35,17,1014
105,2020-05-30,-37.0,-11.0,-37.0,-53.0,-23,14,857
106,2020-05-31,-37.0,-13.0,-38.0,-54.0,-5,12,1017
107,2020-06-01,-28.0,-7.0,-17.0,-54.0,-56,20,1106
108,2020-06-02,-27.0,-4.0,-22.0,-46.0,-28,13,1031
109,2020-06-03,-27.0,-4.0,-21.0,-47.0,-29,14,1331
110,2020-06-04,-27.0,-5.0,-22.0,-47.0,-28,14,1041
111,2020-06-05,-30.0,-9.0,-29.0,-50.0,-26,15,1226
112,2020-06-06,-31.0,-8.0,-34.0,-48.0,-16,13,862
113,2020-06-07,-32.0,-10.0,-33.0,-50.0,-3,11,954
114,2020-06-08,-24.0,-6.0,-22.0,-46.0,-24,13,1051
115,2020-06-09,-26.0,-7.0,-22.0,-44.0,-25,13,1113
116,2020-06-10,-24.0,-4.0,-19.0,-43.0,-25,13,1178
117,2020-06-11,-23.0,-5.0,-20.0,-44.0,-25,14,1240
118,2020-06-12,-26.0,-9.0,-26.0,-46.0,-23,14,1385
119,2020-06-13,-28.0,-8.0,-30.0,-44.0,-14,12,1198
120,2020-06-14,-29.0,-10.0,-27.0,-46.0,-1,10,1082
121,2020-06-15,-21.0,-6.0,-21.0,-42.0,-23,13,1293
122,2020-06-16,-22.0,-5.0,-19.0,-40.0,-24,12,1385
123,2020-06-17,-22.0,-5.0,-19.0,-40.0,-24,12,1624
124,2020-06-18,-22.0,-7.0,-21.0,-41.0,-24,12,1301
125,2020-06-19,-24.0,-10.0,-26.0,-43.0,-23,13,1447
126,2020-06-20,-25.0,-7.0,-28.0,-41.0,-13,10,1607
127,2020-06-21,-28.0,-11.0,-26.0,-43.0,-1,10,1209
128,2020-06-22,-21.0,-8.0,-20.0,-41.0,-25,13,1268
129,2020-06-23,-22.0,-7.0,-19.0,-39.0,-26,12,1853
130,2020-06-24,-22.0,-7.0,-18.0,-39.0,-25,12,2657
131,2020-06-25,-21.0,-4.0,-18.0,-39.0,-25,12,1611
132,2020-06-26,-23.0,-7.0,-24.0,-40.0,-23,13,1671
133,2020-06-27,-23.0,-5.0,-24.0,-37.0,-14,10,1681
134,2020-06-28,-26.0,-8.0,-21.0,-40.0,-1,9,1282
135,2020-06-29,-19.0,-5.0,-16.0,-39.0,-24,12,1591
136,2020-06-30,-17.0,0.0,-16.0,-37.0,-24,11,1522
137,2020-07-01,-16.0,2.0,-14.0,-36.0,-24,11,1574
138,2020-07-02,-17.0,-1.0,-16.0,-36.0,-25,12,1462
139,2020-07-03,-18.0,-2.0,-19.0,-37.0,-23,12,1752
140,2020-07-04,-18.0,-1.0,-18.0,-34.0,-15,9,1639
141,2020-07-05,-20.0,-2.0,-14.0,-35.0,-2,8,1693
142,2020-07-06,-18.0,-4.0,-18.0,-37.0,-25,12,1655
143,2020-07-07,-14.0,1.0,-13.0,-33.0,-25,11,1882
144,2020-07-08,-16.0,-2.0,-14.0,-34.0,-24,11,1906
145,2020-07-09,-16.0,-1.0,-15.0,-34.0,-24,12,1761
146,2020-07-10,-18.0,-4.0,-19.0,-36.0,-22,12,1868
147,2020-07-11,-19.0,-2.0,-19.0,-33.0,-12,9,1492
148,2020-07-12,-20.0,-4.0,-16.0,-36.0,-1,9,1525
149,2020-07-13,-16.0,-4.0,-17.0,-37.0,-22,12,1748
150,2020-07-14,-18.0,-5.0,-18.0,-36.0,-23,12,2381
151,2020-07-15,-17.0,-4.0,-17.0,-36.0,-22,12,1904
152,2020-07-16,-17.0,-3.0,-17.0,-35.0,-22,12,2040
153,2020-07-17,-19.0,-6.0,-21.0,-38.0,-21,13,1560
154,2020-07-18,-19.0,-4.0,-21.0,-36.0,-11,10,1519
155,2020-07-19,-21.0,-6.0,-18.0,-38.0,0,9,1679
156,2020-07-20,-16.0,-4.0,-17.0,-37.0,-22,12,1922
157,2020-07-21,-18.0,-6.0,-18.0,-36.0,-23,12,1815
158,2020-07-22,-18.0,-6.0,-17.0,-37.0,-22,12,1882
159,2020-07-23,-19.0,-5.0,-18.0,-37.0,-22,12,2473
160,2020-07-24,-19.0,-6.0,-19.0,-37.0,-20,13,2277
161,2020-07-25,-18.0,-2.0,-20.0,-33.0,-12,10,1893
162,2020-07-26,-21.0,-5.0,-18.0,-37.0,0,10,1687
163,2020-07-27,-16.0,-3.0,-15.0,-36.0,-22,12,1693
164,2020-07-28,-16.0,-1.0,-15.0,-33.0,-23,12,1942
165,2020-07-29,-14.0,3.0,-12.0,-30.0,-24,12,2098
166,2020-07-30,-7.0,18.0,-2.0,-20.0,-26,9,2307
167,2020-07-31,-29.0,-13.0,-2.0,-45.0,-62,18,2345
168,2020-08-01,-22.0,-2.0,-8.0,-37.0,-26,10,2081
169,2020-08-02,-20.0,-1.0,-8.0,-29.0,-5,7,1821
170,2020-08-03,-13.0,2.0,-6.0,-31.0,-24,11,1673
171,2020-08-04,-14.0,2.0,-9.0,-31.0,-24,11,1902
172,2020-08-05,-13.0,2.0,-8.0,-32.0,-24,11,2266
173,2020-08-06,-13.0,3.0,-8.0,-32.0,-24,11,2197
174,2020-08-07,-15.0,-1.0,-11.0,-33.0,-21,11,2090
175,2020-08-08,-15.0,1.0,-12.0,-29.0,-12,8,2037
176,2020-08-09,-17.0,-2.0,-10.0,-32.0,-1,7,1877
177,2020-08-10,-11.0,2.0,-6.0,-32.0,-22,10,2447
178,2020-08-11,-15.0,-2.0,-12.0,-32.0,-23,11,2306
179,2020-08-12,-12.0,1.0,-7.0,-32.0,-23,10,2719
180,2020-08-13,-15.0,-2.0,-9.0,-33.0,-23,11,3003
181,2020-08-14,-14.0,-1.0,-12.0,-31.0,-21,11,3308
182,2020-08-15,-14.0,2.0,-11.0,-24.0,-12,7,2858
183,2020-08-16,-15.0,0.0,0.0,-30.0,-1,7,2743
184,2020-08-17,-11.0,-2.0,32.0,-37.0,-57,16,2775
185,2020-08-18,-14.0,0.0,-5.0,-31.0,-22,10,3075
186,2020-08-19,-11.0,4.0,0.0,-28.0,-22,9,3622
187,2020-08-20,-12.0,1.0,18.0,-33.0,-53,16,3269
188,2020-08-21,-15.0,-3.0,0.0,-38.0,-37,14,3128
189,2020-08-22,-18.0,-5.0,-6.0,-33.0,-13,9,3444
190,2020-08-23,-21.0,-7.0,-9.0,-32.0,1,8,2880
191,2020-08-24,-14.0,-3.0,-8.0,-33.0,-20,11,3046
192,2020-08-25,-14.0,0.0,-8.0,-32.0,-21,11,3307
193,2020-08-26,-14.0,0.0,-7.0,-33.0,-21,11,3861
194,2020-08-27,-13.0,2.0,-7.0,-32.0,-21,11,3737
195,2020-08-28,-15.0,0.0,-12.0,-33.0,-19,11,3806
196,2020-08-29,-15.0,1.0,-12.0,-30.0,-9,9,3636
197,2020-08-30,-15.0,1.0,-5.0,-32.0,2,7,3141
198,2020-08-31,-12.0,2.0,-7.0,-33.0,-20,11,3507
199,2020-09-01,-11.0,6.0,-7.0,-31.0,-21,11,3963
200,2020-09-02,-12.0,3.0,-7.0,-32.0,-22,11,3635
201,2020-09-03,-13.0,2.0,-10.0,-32.0,-22,11,3891
202,2020-09-04,-13.0,1.0,-11.0,-33.0,-20,12,4168
203,2020-09-05,-13.0,3.0,-9.0,-30.0,-12,9,3989
204,2020-09-06,-14.0,2.0,-2.0,-32.0,-1,8,4176
205,2020-09-07,-11.0,2.0,-6.0,-33.0,-22,11,4071
206,2020-09-08,-12.0,2.0,-6.0,-32.0,-23,11,4465
207,2020-09-09,-13.0,1.0,-6.0,-33.0,-22,11,4634
208,2020-09-10,-13.0,1.0,-7.0,-32.0,-22,10,4823
209,2020-09-11,-14.0,-3.0,-10.0,-33.0,-21,10,4494
210,2020-09-12,-14.0,-1.0,-9.0,-30.0,-12,8,3874
211,2020-09-13,-17.0,-4.0,-7.0,-33.0,-2,8,3509
212,2020-09-14,-16.0,-5.0,-10.0,-41.0,-22,12,4002
213,2020-09-15,-17.0,-5.0,-10.0,-40.0,-23,13,4284
214,2020-09-16,-15.0,-2.0,-5.0,-39.0,-23,13,4174
215,2020-09-17,-16.0,-3.0,-8.0,-39.0,-23,13,4317
216,2020-09-18,-19.0,-6.0,-14.0,-41.0,-21,14,4007
217,2020-09-19,-19.0,-3.0,-14.0,-39.0,-12,11,3992
218,2020-09-20,-24.0,-9.0,-15.0,-44.0,-3,12,3622
219,2020-09-21,-19.0,-7.0,-15.0,-41.0,-23,14,4056
220,2020-09-22,-22.0,-8.0,-16.0,-40.0,-25,14,4538
221,2020-09-23,-23.0,-6.0,-12.0,-39.0,-25,14,4850
222,2020-09-24,-23.0,-7.0,-13.0,-38.0,-25,14,4094
223,2020-09-25,-24.0,-6.0,-17.0,-39.0,-24,15,4294
224,2020-09-26,-24.0,-4.0,-17.0,-36.0,-14,12,4497
225,2020-09-27,-26.0,-8.0,-13.0,-39.0,-6,12,3267
226,2020-09-28,-21.0,-4.0,-12.0,-38.0,-24,14,3906
227,2020-09-29,-22.0,-4.0,-13.0,-36.0,-25,14,4127
228,2020-09-30,-20.0,2.0,-10.0,-35.0,-26,11,4411
229,2020-10-01,-20.0,5.0,-11.0,-34.0,-26,9,4301
230,2020-10-02,-20.0,1.0,-13.0,-36.0,-25,9,4301
231,2020-10-03,-19.0,3.0,-13.0,-32.0,-18,7,4105
232,2020-10-04,-20.0,1.0,-7.0,-33.0,-12,6,3373
233,2020-10-05,-17.0,2.0,-9.0,-35.0,-27,8,3602
234,2020-10-06,-19.0,0.0,-9.0,-34.0,-28,8,4267
235,2020-10-07,-18.0,1.0,-6.0,-35.0,-26,9,4432
236,2020-10-08,-18.0,0.0,-3.0,-32.0,-25,11,4369
237,2020-10-09,-20.0,-4.0,-12.0,-38.0,-23,13,4070
238,2020-10-10,-22.0,-4.0,-17.0,-35.0,-14,11,3732
239,2020-10-11,-19.0,-1.0,-5.0,-35.0,-5,9,3222
240,2020-10-12,-17.0,-1.0,-6.0,-35.0,-23,12,3520
241,2020-10-13,-19.0,-2.0,-6.0,-36.0,-25,13,4029
242,2020-10-14,-16.0,0.0,-5.0,-35.0,-23,12,3565
243,2020-10-15,-16.0,2.0,-8.0,-32.0,-23,13,2897
244,2020-10-16,-20.0,-3.0,-13.0,-35.0,-22,14,3143
245,2020-10-17,-17.0,3.0,-11.0,-29.0,-13,10,2696
246,2020-10-18,-19.0,-1.0,-6.0,-31.0,-5,10,2618
247,2020-10-19,-20.0,-3.0,-12.0,-34.0,-23,13,2973
248,2020-10-20,-19.0,-2.0,-10.0,-32.0,-24,12,3356
249,2020-10-21,-20.0,-4.0,-12.0,-34.0,-24,11,4065
250,2020-10-22,-17.0,1.0,-9.0,-31.0,-25,9,3778
251,2020-10-23,-18.0,-1.0,-14.0,-32.0,-23,9,4262
252,2020-10-24,-18.0,1.0,-13.0,-28.0,-14,6,3880
253,2020-10-25,-19.0,-1.0,-9.0,-30.0,-8,6,2853
254,2020-10-26,-17.0,-1.0,-11.0,-32.0,-24,8,3779
255,2020-10-27,-16.0,4.0,-9.0,-25.0,-25,7,3770
256,2020-10-28,-10.0,10.0,6.0,-20.0,-39,8,4173
257,2020-10-29,-9.0,6.0,28.0,-25.0,-58,12,5444
258,2020-10-30,-16.0,-2.0,1.0,-34.0,-42,11,5272
259,2020-10-31,-23.0,-8.0,-13.0,-29.0,-21,7,4106
260,2020-11-01,-18.0,0.0,-6.0,-21.0,-10,5,3535
261,2020-11-02,-15.0,2.0,-12.0,-27.0,-24,7,3807
262,2020-11-03,-15.0,2.0,-13.0,-28.0,-25,7,4265
263,2020-11-04,-14.0,2.0,-10.0,-30.0,-25,8,4798
264,2020-11-05,-16.0,0.0,-14.0,-32.0,-26,8,4792
265,2020-11-06,-16.0,0.0,-13.0,-31.0,-24,8,4998
266,2020-11-07,-15.0,0.0,-12.0,-27.0,-16,6,4360
267,2020-11-08,-17.0,-1.0,-6.0,-28.0,-10,6,4442
268,2020-11-09,-16.0,0.0,-10.0,-31.0,-25,8,4192
269,2020-11-10,-16.0,0.0,-10.0,-29.0,-26,8,5534
270,2020-11-11,-14.0,2.0,-9.0,-30.0,-25,8,4917
271,2020-11-12,-14.0,1.0,-9.0,-30.0,-25,8,5828
272,2020-11-13,-16.0,-2.0,-13.0,-30.0,-23,9,5418
273,2020-11-14,-16.0,-1.0,-14.0,-27.0,-15,6,6267
274,2020-11-15,-17.0,-2.0,-7.0,-28.0,-10,5,4617
275,2020-11-16,-16.0,-1.0,-11.0,-31.0,-24,8,5092
276,2020-11-17,-17.0,-1.0,-11.0,-31.0,-25,8,5533
277,2020-11-18,-16.0,0.0,-9.0,-31.0,-25,8,8369
278,2020-11-19,-17.0,-1.0,-15.0,-31.0,-25,8,5803
279,2020-11-20,-17.0,-2.0,-16.0,-31.0,-23,9,6027
280,2020-11-21,-17.0,-1.0,-17.0,-28.0,-16,6,6089
281,2020-11-22,-19.0,-4.0,-14.0,-30.0,-11,6,5754
282,2020-11-23,-19.0,-6.0,-18.0,-33.0,-25,8,5292
283,2020-11-24,-19.0,-4.0,-17.0,-32.0,-26,8,6058
284,2020-11-25,-16.0,1.0,-14.0,-30.0,-25,8,6033
285,2020-11-26,-14.0,3.0,-13.0,-28.0,-24,8,6310
286,2020-11-27,-17.0,-2.0,-17.0,-30.0,-23,8,6388
287,2020-11-28,-17.0,0.0,-20.0,-26.0,-15,6,6189
288,2020-11-29,-19.0,-3.0,-16.0,-28.0,-9,6,5489
289,2020-11-30,-14.0,4.0,-14.0,-30.0,-24,7,6120
290,2020-12-01,-14.0,7.0,-14.0,-28.0,-25,7,6725
291,2020-12-02,-13.0,7.0,-12.0,-29.0,-24,7,7354
292,2020-12-03,-13.0,5.0,-13.0,-30.0,-24,8,6689
293,2020-12-04,-15.0,2.0,-18.0,-30.0,-23,8,7751
294,2020-12-05,-17.0,1.0,-21.0,-26.0,-15,6,6982
295,2020-12-06,-18.0,-2.0,-20.0,-30.0,-11,7,6848
296,2020-12-07,-16.0,1.0,-16.0,-31.0,-26,8,6347
297,2020-12-08,-13.0,5.0,-11.0,-28.0,-25,6,7514
298,2020-12-09,-14.0,1.0,-4.0,-36.0,-56,15,7199
299,2020-12-10,-14.0,6.0,-9.0,-26.0,-22,9,7259
300,2020-12-11,-16.0,1.0,-14.0,-28.0,-21,12,6740
301,2020-12-12,-19.0,1.0,-20.0,-24.0,-13,9,6528
302,2020-12-13,-18.0,-1.0,-12.0,-24.0,-5,9,5854
303,2020-12-14,-15.0,2.0,-9.0,-27.0,-22,11,7903
304,2020-12-15,-15.0,3.0,-9.0,-25.0,-24,11,8002
305,2020-12-16,-14.0,4.0,-7.0,-25.0,-23,11,8074
306,2020-12-17,-15.0,3.0,-10.0,-23.0,-23,11,8072
307,2020-12-18,-16.0,2.0,-13.0,-25.0,-21,11,7203
308,2020-12-19,-15.0,5.0,-13.0,-20.0,-12,8,6877
309,2020-12-20,-15.0,3.0,-6.0,-21.0,-5,8,6753
310,2020-12-21,-11.0,5.0,-1.0,-24.0,-25,11,7445
311,2020-12-22,-11.0,6.0,0.0,-21.0,-26,10,8854
312,2020-12-23,-8.0,12.0,4.0,-16.0,-26,9,9321
313,2020-12-24,-7.0,13.0,12.0,-17.0,-43,13,10617
314,2020-12-25,-16.0,-1.0,10.0,-33.0,-57,18,10046
315,2020-12-26,-19.0,0.0,-4.0,-28.0,-25,10,9640
316,2020-12-27,-18.0,-1.0,-1.0,-23.0,-6,8,8692
317,2020-12-28,-12.0,6.0,4.0,-26.0,-29,12,10047
318,2020-12-29,-15.0,3.0,1.0,-26.0,-31,12,11278
319,2020-12-30,-12.0,9.0,4.0,-22.0,-31,11,11557
320,2020-12-31,-7.0,23.0,19.0,-21.0,-46,12,12818
0,2021-01-01,-25.0,-8.0,18.0,-42.0,-66,19,0
1,2021-01-02,-20.0,3.0,0.0,-27.0,-32,11,2
2,2021-01-03,-21.0,-2.0,-6.0,-22.0,-9,9,0
3,2021-01-04,-15.0,5.0,-5.0,-26.0,-24,11,0
4,2021-01-05,-18.0,3.0,-10.0,-27.0,-25,12,0
5,2021-01-06,-15.0,4.0,-8.0,-29.0,-24,12,2
6,2021-01-07,-16.0,4.0,-10.0,-30.0,-24,12,0
7,2021-01-08,-18.0,0.0,-16.0,-33.0,-23,12,2
8,2021-01-09,-22.0,-4.0,-22.0,-33.0,-16,10,13
9,2021-01-10,-20.0,-1.0,-16.0,-30.0,-8,9,8
10,2021-01-11,-18.0,-2.0,-14.0,-35.0,-25,11,7
11,2021-01-12,-22.0,-6.0,-18.0,-36.0,-28,12,0
12,2021-01-13,-23.0,-8.0,-19.0,-38.0,-29,10,35
13,2021-01-14,-25.0,-12.0,-24.0,-41.0,-33,10,27
14,2021-01-15,-30.0,-18.0,-30.0,-45.0,-34,10,21
15,2021-01-16,-32.0,-19.0,-36.0,-44.0,-28,9,17
16,2021-01-17,-32.0,-19.0,-30.0,-44.0,-21,9,38
17,2021-01-18,-30.0,-19.0,-30.0,-44.0,-35,12,55
18,2021-01-19,-29.0,-16.0,-27.0,-43.0,-35,11,82
19,2021-01-20,-28.0,-15.0,-25.0,-43.0,-34,11,60
20,2021-01-21,-27.0,-15.0,-26.0,-43.0,-33,12,81
21,2021-01-22,-29.0,-17.0,-30.0,-44.0,-32,12,64
22,2021-01-23,-27.0,-13.0,-30.0,-41.0,-23,9,65
23,2021-01-24,-32.0,-20.0,-32.0,-46.0,-18,11,107
24,2021-01-25,-25.0,-12.0,-24.0,-41.0,-31,11,104
25,2021-01-26,-27.0,-14.0,-26.0,-40.0,-32,11,103
26,2021-01-27,-26.0,-12.0,-26.0,-40.0,-31,12,153
27,2021-01-28,-24.0,-9.0,-25.0,-39.0,-31,11,109
28,2021-01-29,-27.0,-12.0,-30.0,-40.0,-29,11,130
29,2021-01-30,-27.0,-8.0,-34.0,-37.0,-21,7,129
30,2021-01-31,-24.0,-5.0,-28.0,-36.0,-13,6,114
31,2021-02-01,-23.0,-5.0,-27.0,-38.0,-30,8,149
32,2021-02-02,-22.0,-3.0,-25.0,-36.0,-31,7,113
33,2021-02-03,-25.0,-9.0,-28.0,-38.0,-32,8,196
34,2021-02-04,-24.0,-8.0,-28.0,-38.0,-32,8,106
35,2021-02-05,-21.0,-4.0,-27.0,-37.0,-30,8,181
36,2021-02-06,-26.0,-10.0,-34.0,-36.0,-26,7,218
37,2021-02-07,-30.0,-16.0,-34.0,-41.0,-20,7,247
38,2021-02-08,-23.0,-8.0,-27.0,-37.0,-32,8,218
39,2021-02-09,-21.0,-4.0,-24.0,-34.0,-32,7,337
40,2021-02-10,-20.0,-3.0,-23.0,-34.0,-31,7,219
41,2021-02-11,-16.0,1.0,-18.0,-28.0,-31,6,330
42,2021-02-12,-22.0,-8.0,-14.0,-41.0,-61,14,399
43,2021-02-13,-24.0,-7.0,-24.0,-39.0,-29,6,316
44,2021-02-14,-26.0,-9.0,-25.0,-35.0,-18,6,282
45,2021-02-15,-21.0,-5.0,-23.0,-35.0,-30,7,297
46,2021-02-16,-23.0,-6.0,-23.0,-36.0,-31,7,380
47,2021-02-17,-21.0,-4.0,-24.0,-35.0,-30,7,407
48,2021-02-18,-24.0,-8.0,-27.0,-37.0,-30,8,325
49,2021-02-19,-23.0,-6.0,-28.0,-38.0,-28,8,327
50,2021-02-20,-25.0,-6.0,-30.0,-37.0,-23,6,185
51,2021-02-21,-23.0,-5.0,-23.0,-38.0,-15,5,375
52,2021-02-22,-21.0,-5.0,-23.0,-37.0,-29,7,283
53,2021-02-23,-23.0,-7.0,-25.0,-36.0,-29,7,357
54,2021-02-24,-22.0,-6.0,-24.0,-37.0,-28,7,436
55,2021-02-25,-19.0,0.0,-23.0,-34.0,-28,7,396
56,2021-02-26,-19.0,0.0,-25.0,-34.0,-26,7,275
57,2021-02-27,-18.0,4.0,-25.0,-30.0,-19,4,214
58,2021-02-28,-17.0,4.0,-18.0,-30.0,-11,4,415
59,2021-03-01,-16.0,5.0,-19.0,-33.0,-27,5,260
60,2021-03-02,-18.0,2.0,-22.0,-32.0,-28,6,347
61,2021-03-03,-16.0,5.0,-19.0,-32.0,-28,6,433
62,2021-03-04,-17.0,2.0,-21.0,-32.0,-28,6,292
63,2021-03-05,-17.0,1.0,-22.0,-33.0,-26,6,349
64,2021-03-06,-18.0,2.0,-24.0,-28.0,-20,4,395
65,2021-03-07,-20.0,-1.0,-20.0,-31.0,-15,5,484
66,2021-03-08,-18.0,0.0,-21.0,-33.0,-27,6,367
67,2021-03-09,-17.0,1.0,-20.0,-31.0,-28,6,338
68,2021-03-10,-14.0,6.0,-14.0,-26.0,-27,5,336
69,2021-03-11,-12.0,5.0,2.0,-32.0,-60,12,533
70,2021-03-12,-18.0,0.0,-19.0,-34.0,-28,7,387
71,2021-03-13,-17.0,3.0,-16.0,-29.0,-21,4,233
72,2021-03-14,-20.0,-2.0,-14.0,-28.0,-17,5,484
73,2021-03-15,-16.0,3.0,-14.0,-30.0,-27,5,689
74,2021-03-16,-18.0,0.0,-19.0,-31.0,-27,6,568
75,2021-03-17,-16.0,2.0,-16.0,-31.0,-25,6,490
76,2021-03-18,-17.0,1.0,-20.0,-31.0,-25,6,529
77,2021-03-19,-17.0,1.0,-19.0,-31.0,-24,6,489
78,2021-03-20,-16.0,4.0,-18.0,-28.0,-17,4,496
79,2021-03-21,-17.0,1.0,-12.0,-30.0,-12,4,486
80,2021-03-22,-17.0,1.0,-17.0,-32.0,-25,6,693
81,2021-03-23,-18.0,0.0,-19.0,-31.0,-26,6,973
82,2021-03-24,-16.0,2.0,-16.0,-31.0,-25,6,634
83,2021-03-25,-15.0,4.0,-18.0,-29.0,-25,6,949
84,2021-03-26,-14.0,5.0,-17.0,-29.0,-23,6,526
85,2021-03-27,-17.0,3.0,-20.0,-27.0,-17,4,479
86,2021-03-28,-16.0,5.0,-12.0,-27.0,-11,4,415
87,2021-03-29,-15.0,5.0,-16.0,-30.0,-25,5,686
88,2021-03-30,-17.0,2.0,-20.0,-29.0,-26,6,687
89,2021-03-31,-13.0,7.0,-14.0,-26.0,-25,5,678
90,2021-04-01,-9.0,16.0,-12.0,-15.0,-25,4,557
91,2021-04-02,-7.0,15.0,5.0,-23.0,-57,10,700
92,2021-04-03,-12.0,10.0,-7.0,-24.0,-22,3,467
93,2021-04-04,-12.0,10.0,-5.0,-15.0,-12,1,609
94,2021-04-05,-10.0,12.0,-10.0,-22.0,-25,4,684
95,2021-04-06,-12.0,10.0,-12.0,-22.0,-25,4,585
96,2021-04-07,-10.0,11.0,-10.0,-23.0,-26,4,703
97,2021-04-08,-9.0,12.0,-9.0,-21.0,-24,4,993
98,2021-04-09,-8.0,11.0,-11.0,-21.0,-23,4,672
99,2021-04-10,-8.0,15.0,-9.0,-14.0,-16,1,847
100,2021-04-11,-8.0,15.0,-3.0,-15.0,-11,1,1043
101,2021-04-12,-5.0,22.0,-2.0,-19.0,-29,4,1240
102,2021-04-13,-30.0,-1.0,-30.0,-37.0,-37,12,979
103,2021-04-14,-25.0,0.0,-25.0,-35.0,-32,10,1111
104,2021-04-15,-22.0,2.0,-23.0,-33.0,-27,9,1014
105,2021-04-16,-20.0,2.0,-25.0,-34.0,-24,9,857
106,2021-04-17,-23.0,0.0,-33.0,-35.0,-17,9,1017
107,2021-04-18,-23.0,-1.0,-36.0,-36.0,-10,10,1106
108,2021-04-19,-18.0,3.0,-21.0,-33.0,-24,8,1031
109,2021-04-20,-17.0,6.0,-20.0,-31.0,-25,8,1331
110,2021-04-21,-15.0,7.0,-18.0,-31.0,-24,8,1041
111,2021-04-22,-16.0,6.0,-20.0,-31.0,-24,8,1226
112,2021-04-23,-16.0,4.0,-23.0,-32.0,-22,9,862
113,2021-04-24,-17.0,5.0,-28.0,-31.0,-15,8,954
114,2021-04-25,-17.0,5.0,-31.0,-32.0,-8,9,1051
115,2021-04-26,-14.0,7.0,-18.0,-31.0,-23,8,1113
116,2021-04-27,-14.0,7.0,-19.0,-29.0,-24,8,1178
117,2021-04-28,-13.0,9.0,-18.0,-29.0,-24,8,1240
118,2021-04-29,-9.0,14.0,-17.0,-25.0,-23,8,1385
119,2021-04-30,-8.0,17.0,-18.0,-23.0,-21,7,1198
120,2021-05-01,-6.0,21.0,-19.0,-20.0,-36,8,1082
121,2021-05-02,-7.0,19.0,-27.0,-22.0,-7,6,1293
122,2021-05-03,-2.0,25.0,-9.0,-21.0,-24,5,1385
123,2021-05-04,-3.0,26.0,-9.0,-16.0,-25,5,1624
124,2021-05-05,-1.0,27.0,-7.0,-16.0,-26,5,1301
125,2021-05-06,-2.0,26.0,-9.0,-31.0,-26,7,1447
126,2021-05-07,-2.0,25.0,-12.0,-34.0,-23,7,1607
127,2021-05-08,-4.0,25.0,-20.0,-33.0,-17,6,1209
128,2021-05-09,-2.0,26.0,-23.0,-35.0,-6,6,1268
129,2021-05-10,6.0,36.0,1.0,-31.0,-32,7,1853
130,2021-05-11,8.0,46.0,5.0,-25.0,-37,7,2657
131,2021-05-12,6.0,55.0,15.0,-31.0,-62,12,1611
132,2021-05-13,-13.0,8.0,22.0,-45.0,-72,4,1671
133,2021-05-14,-8.0,15.0,32.0,-43.0,-73,10,1681
134,2021-05-15,-7.0,18.0,24.0,-35.0,-51,4,1282
135,2021-05-16,-5.0,19.0,12.0,-34.0,-21,2,1591
136,2021-05-17,1.0,25.0,21.0,-32.0,-36,6,1522
137,2021-05-18,-1.0,24.0,17.0,-16.0,-34,5,1574
138,2021-05-19,-1.0,23.0,15.0,-18.0,-30,5,1462
139,2021-05-20,-2.0,23.0,13.0,-22.0,-27,6,1752
140,2021-05-21,-5.0,17.0,2.0,-23.0,-23,7,1639
141,2021-05-22,-6.0,18.0,0.0,-18.0,-16,5,1693
142,2021-05-23,-6.0,18.0,5.0,-17.0,-6,5,1655
143,2021-05-24,-5.0,16.0,3.0,-22.0,-22,6,1882
144,2021-05-25,-1.0,24.0,8.0,-14.0,-23,5,1906
145,2021-05-26,4.0,24.0,34.0,-18.0,-57,12,1761
146,2021-05-27,0.0,23.0,5.0,-18.0,-21,6,1868
147,2021-05-28,-2.0,20.0,-2.0,-19.0,-18,7,1492
148,2021-05-29,-5.0,18.0,-5.0,-15.0,-11,5,1525
149,2021-05-30,-1.0,23.0,8.0,-14.0,-4,4,1748
150,2021-05-31,5.0,27.0,14.0,-16.0,-22,5,2381
151,2021-06-01,7.0,29.0,34.0,-15.0,-58,12,1904
152,2021-06-02,3.0,28.0,8.0,-16.0,-20,5,2040
153,2021-06-03,4.0,29.0,8.0,-17.0,-19,6,1560
154,2021-06-04,0.0,23.0,1.0,-19.0,-17,6,1519
155,2021-06-05,1.0,27.0,2.0,-13.0,-11,4,1679
156,2021-06-06,-1.0,23.0,6.0,-14.0,-5,4,1922
157,2021-06-07,2.0,25.0,8.0,-19.0,-20,5,1815
158,2021-06-08,1.0,24.0,7.0,-19.0,-20,6,1882
159,2021-06-09,2.0,25.0,8.0,-19.0,-20,6,2473
160,2021-06-10,2.0,25.0,5.0,-19.0,-19,6,2277
161,2021-06-11,-1.0,20.0,-2.0,-21.0,-17,7,1893
162,2021-06-12,-2.0,22.0,-2.0,-17.0,-10,5,1687
163,2021-06-13,-3.0,19.0,4.0,-18.0,-4,5,1693
164,2021-06-14,-1.0,20.0,4.0,-21.0,-20,6,1942
165,2021-06-15,-4.0,18.0,0.0,-21.0,-21,7,2098
166,2021-06-16,-2.0,19.0,1.0,-22.0,-22,7,2307
167,2021-06-17,-3.0,19.0,0.0,-23.0,-21,7,2345
168,2021-06-18,-7.0,14.0,-7.0,-26.0,-19,8,2081
169,2021-06-19,-11.0,14.0,-14.0,-26.0,-12,7,1821
170,2021-06-20,-13.0,10.0,-10.0,-29.0,-7,7,1673
171,2021-06-21,-8.0,15.0,-4.0,-28.0,-25,8,1902
172,2021-06-22,-8.0,17.0,-3.0,-27.0,-26,8,2266
173,2021-06-23,-8.0,15.0,-3.0,-29.0,-26,9,2197
174,2021-06-24,-10.0,14.0,-7.0,-30.0,-26,10,2090
175,2021-06-25,-8.0,18.0,-9.0,-32.0,-24,10,2037
176,2021-06-26,-13.0,16.0,-16.0,-31.0,-15,8,1877
177,2021-06-27,-15.0,11.0,-14.0,-35.0,-7,9,2447
178,2021-06-28,-8.0,18.0,-6.0,-33.0,-28,10,2306
179,2021-06-29,-10.0,17.0,-7.0,-33.0,-29,10,2719
180,2021-06-30,-10.0,20.0,-7.0,-34.0,-30,9,3003
181,2021-07-01,-6.0,26.0,-6.0,-33.0,-28,11,3308
182,2021-07-02,-8.0,24.0,-11.0,-34.0,-27,12,2858
183,2021-07-03,-18.0,17.0,-24.0,-40.0,-20,11,2743
184,2021-07-04,-22.0,11.0,-27.0,-45.0,-13,12,2775
185,2021-07-05,-13.0,20.0,-12.0,-42.0,-32,13,3075
186,2021-07-06,-15.0,19.0,-13.0,-42.0,-33,13,3622
187,2021-07-07,-15.0,19.0,-12.0,-43.0,-34,13,3269
188,2021-07-08,-17.0,16.0,-16.0,-44.0,-33,14,3128
189,2021-07-09,-20.0,11.0,-23.0,-48.0,-32,15,3444
190,2021-07-10,-25.0,9.0,-33.0,-47.0,-22,13,2880
191,2021-07-11,-28.0,5.0,-35.0,-50.0,-14,13,3046
192,2021-07-12,-19.0,12.0,-18.0,-48.0,-34,14,3307
193,2021-07-13,-21.0,10.0,-19.0,-47.0,-35,14,3861
194,2021-07-14,-19.0,12.0,-18.0,-48.0,-35,14,3737
195,2021-07-15,-18.0,13.0,-19.0,-47.0,-33,14,3806
196,2021-07-16,-22.0,8.0,-24.0,-50.0,-32,15,3636
197,2021-07-17,-25.0,9.0,-33.0,-49.0,-21,13,3141
198,2021-07-18,-28.0,5.0,-35.0,-52.0,-12,13,3507
199,2021-07-19,-14.0,23.0,-10.0,-46.0,-39,14,3963
200,2021-07-20,-35.0,-10.0,-16.0,-60.0,-73,21,3635
201,2021-07-21,-20.0,13.0,-13.0,-46.0,-36,12,3891
202,2021-07-22,-21.0,14.0,-15.0,-45.0,-33,12,4168
203,2021-07-23,-24.0,9.0,-22.0,-48.0,-31,14,3989
204,2021-07-24,-26.0,10.0,-30.0,-46.0,-20,12,4176
205,2021-07-25,-27.0,8.0,-30.0,-48.0,-12,11,4071
206,2021-07-26,-18.0,14.0,-14.0,-43.0,-30,12,4465
207,2021-07-27,-19.0,14.0,-15.0,-42.0,-31,12,4634
208,2021-07-28,-18.0,15.0,-13.0,-42.0,-30,12,4823
209,2021-07-29,-17.0,15.0,-14.0,-42.0,-29,12,4494
210,2021-07-30,-19.0,13.0,-20.0,-44.0,-27,13,3874
211,2021-07-31,-22.0,14.0,-29.0,-42.0,-16,10,3509
212,2021-08-01,-22.0,14.0,-27.0,-44.0,-11,10,4002
213,2021-08-02,-14.0,19.0,-13.0,-41.0,-28,11,4284
214,2021-08-03,-15.0,18.0,-15.0,-38.0,-29,11,4174
215,2021-08-04,-13.0,19.0,-11.0,-39.0,-28,11,4317
216,2021-08-05,-13.0,19.0,-12.0,-39.0,-28,11,4007
217,2021-08-06,-14.0,17.0,-15.0,-40.0,-26,11,3992
218,2021-08-07,-16.0,18.0,-22.0,-37.0,-16,9,3622
219,2021-08-08,-19.0,14.0,-21.0,-41.0,-10,9,4056
220,2021-08-09,-12.0,17.0,-9.0,-39.0,-28,10,4538
221,2021-08-10,-13.0,16.0,-8.0,-38.0,-31,10,4850
222,2021-08-11,-9.0,20.0,-2.0,-42.0,-56,16,4094
223,2021-08-12,-11.0,17.0,-15.0,-36.0,-25,9,4294
224,2021-08-13,-14.0,12.0,-21.0,-39.0,-23,11,4497
225,2021-08-14,-16.0,14.0,-26.0,-36.0,-13,8,3267
226,2021-08-15,-17.0,11.0,-22.0,-40.0,-6,9,3906
227,2021-08-16,-8.0,19.0,-8.0,-36.0,-28,9,4127
228,2021-08-17,-14.0,10.0,5.0,-44.0,-64,17,4411
229,2021-08-18,-13.0,14.0,-16.0,-37.0,-24,9,4301
230,2021-08-19,-12.0,14.0,-16.0,-37.0,-23,10,4301
231,2021-08-20,-13.0,13.0,-20.0,-38.0,-21,10,4105
232,2021-08-21,-15.0,12.0,-25.0,-36.0,-11,8,3373
233,2021-08-22,-16.0,10.0,-20.0,-38.0,-6,8,3602
234,2021-08-23,-10.0,13.0,-13.0,-37.0,-23,9,4267
235,2021-08-24,-11.0,12.0,-14.0,-36.0,-24,9,4432
236,2021-08-25,-8.0,18.0,-11.0,-34.0,-23,8,4369
237,2021-08-26,-6.0,19.0,-12.0,-33.0,-22,8,4070
238,2021-08-27,-8.0,15.0,-16.0,-35.0,-20,9,3732
239,2021-08-28,-9.0,18.0,-19.0,-31.0,-10,7,3222
240,2021-08-29,-11.0,14.0,-15.0,-33.0,-5,7,3520
241,2021-08-30,-6.0,16.0,-13.0,-34.0,-22,8,4029
242,2021-08-31,-6.0,20.0,-12.0,-32.0,-22,8,3565
243,2021-09-01,-3.0,25.0,-9.0,-31.0,-22,7,2897
244,2021-09-02,0.0,26.0,-9.0,-30.0,-21,7,3143
245,2021-09-03,-3.0,21.0,-12.0,-30.0,-19,8,2696
246,2021-09-04,-4.0,23.0,-13.0,-26.0,-10,5,2618
247,2021-09-05,-4.0,22.0,-6.0,-27.0,-5,5,2973
248,2021-09-06,-2.0,20.0,-9.0,-31.0,-21,7,3356
249,2021-09-07,-3.0,20.0,-9.0,-30.0,-22,7,4065
250,2021-09-08,-3.0,19.0,-8.0,-30.0,-21,7,3778
251,2021-09-09,0.0,23.0,-7.0,-28.0,-19,7,4262
252,2021-09-10,-2.0,20.0,-10.0,-29.0,-17,7,3880
253,2021-09-11,-5.0,19.0,-14.0,-25.0,-9,6,2853
254,2021-09-12,-6.0,18.0,-8.0,-27.0,-5,6,3779
255,2021-09-13,-2.0,18.0,-9.0,-30.0,-21,7,3770
256,2021-09-14,-7.0,13.0,-15.0,-32.0,-23,8,4173
257,2021-09-15,0.0,22.0,-5.0,-27.0,-21,6,5444
258,2021-09-16,0.0,22.0,-6.0,-27.0,-20,6,5272
259,2021-09-17,-1.0,19.0,-8.0,-28.0,-18,7,4106
260,2021-09-18,-2.0,21.0,-9.0,-25.0,-9,5,3535
261,2021-09-19,-5.0,17.0,-4.0,-27.0,-6,6,3807
262,2021-09-20,-1.0,21.0,-6.0,-29.0,-20,6,4265
263,2021-09-21,-4.0,16.0,-10.0,-28.0,-20,7,4798
264,2021-09-22,-1.0,19.0,-6.0,-28.0,-18,6,4792
265,2021-09-23,0.0,19.0,-7.0,-27.0,-17,7,4998
266,2021-09-24,-1.0,19.0,-10.0,-27.0,-15,7,4360
267,2021-09-25,0.0,23.0,-8.0,-22.0,-7,4,4442
268,2021-09-26,-3.0,18.0,-3.0,-24.0,-4,5,4192
269,2021-09-27,1.0,20.0,-4.0,-27.0,-17,6,5534
270,2021-09-28,0.0,22.0,-5.0,-25.0,-18,6,4917
271,2021-09-29,1.0,22.0,-3.0,-25.0,-17,6,5828
272,2021-09-30,4.0,27.0,-4.0,-23.0,-15,6,5418
273,2021-10-01,5.0,29.0,-5.0,-22.0,-14,6,6267
274,2021-10-02,6.0,32.0,-1.0,-16.0,-7,3,4617
275,2021-10-03,5.0,29.0,6.0,-17.0,-5,4,5092
276,2021-10-04,4.0,24.0,-4.0,-24.0,-16,5,5533
277,2021-10-05,5.0,27.0,-3.0,-22.0,-17,5,8369
278,2021-10-06,6.0,27.0,2.0,-22.0,-16,5,5803
279,2021-10-07,7.0,27.0,1.0,-21.0,-14,5,6027
280,2021-10-08,5.0,24.0,-2.0,-21.0,-13,6,6089
281,2021-10-09,6.0,28.0,2.0,-14.0,-7,3,5754
282,2021-10-10,5.0,27.0,9.0,-15.0,-4,4,5292
283,2021-10-11,5.0,23.0,0.0,-22.0,-15,5,6058
284,2021-10-12,5.0,24.0,2.0,-21.0,-15,5,6033
285,2021-10-13,6.0,24.0,3.0,-21.0,-14,5,6310
286,2021-10-14,6.0,25.0,1.0,-20.0,-13,5,6388
287,2021-10-15,4.0,23.0,-2.0,-19.0,-12,6,6189
288,2021-10-16,3.0,25.0,1.0,-13.0,-6,4,5489
289,2021-10-17,1.0,22.0,6.0,-16.0,-4,5,6120
290,2021-10-18,-2.0,16.0,-4.0,-24.0,-17,6,6725
291,2021-10-19,3.0,23.0,5.0,-18.0,-19,5,7354
292,2021-10-20,10.0,27.0,31.0,-21.0,-54,12,6689
293,2021-10-21,4.0,24.0,2.0,-19.0,-13,5,7751
294,2021-10-22,2.0,20.0,-3.0,-21.0,-12,6,6982
295,2021-10-23,2.0,23.0,1.0,-17.0,-5,4,6848
296,2021-10-24,2.0,20.0,7.0,-17.0,-3,5,6347
297,2021-10-25,4.0,23.0,2.0,-21.0,-13,5,7514
298,2021-10-26,3.0,22.0,0.0,-20.0,-14,5,7199
299,2021-10-27,3.0,20.0,-1.0,-21.0,-13,5,7259
300,2021-10-28,6.0,27.0,1.0,-19.0,-12,5,6740
301,2021-10-29,5.0,25.0,-2.0,-18.0,-10,5,6528
302,2021-10-30,4.0,26.0,-2.0,-13.0,-4,3,5854
303,2021-10-31,4.0,26.0,3.0,-13.0,-1,4,7903
304,2021-11-01,4.0,25.0,-4.0,-20.0,-13,5,8002
305,2021-11-02,4.0,27.0,-3.0,-19.0,-13,5,8074
306,2021-11-03,9.0,31.0,4.0,-17.0,-12,4,8072
307,2021-11-04,5.0,25.0,-2.0,-17.0,-12,5,7203
308,2021-11-05,6.0,26.0,-2.0,-16.0,-10,6,6877
309,2021-11-06,8.0,30.0,2.0,-10.0,-5,3,6753
310,2021-11-07,3.0,22.0,3.0,-14.0,-6,5,7445
311,2021-11-08,8.0,28.0,4.0,-17.0,-12,5,8854
312,2021-11-09,3.0,22.0,-1.0,-18.0,-14,5,9321
313,2021-11-10,5.0,23.0,1.0,-18.0,-14,5,10617
314,2021-11-11,8.0,28.0,2.0,-15.0,-12,5,10046
315,2021-11-12,4.0,20.0,-4.0,-18.0,-10,6,9640
316,2021-11-13,3.0,22.0,-5.0,-14.0,-5,4,8692
317,2021-11-14,5.0,23.0,3.0,-12.0,-4,5,10047
318,2021-11-15,4.0,21.0,-4.0,-18.0,-12,6,11278
319,2021-11-16,4.0,22.0,-1.0,-17.0,-12,5,11557
320,2021-11-17,7.0,24.0,3.0,-17.0,-11,5,12818
321,2021-11-18,8.0,26.0,3.0,-16.0,-10,5,14224
322,2021-11-19,4.0,20.0,-4.0,-17.0,-9,6,11287
323,2021-11-20,4.0,24.0,-1.0,-13.0,-5,4,9086
324,2021-11-21,6.0,24.0,7.0,-12.0,-4,4,10365
325,2021-11-22,5.0,22.0,1.0,-17.0,-11,5,12568
326,2021-11-23,2.0,19.0,-3.0,-18.0,-12,6,11703
327,2021-11-24,7.0,25.0,4.0,-17.0,-10,5,13632
328,2021-11-25,7.0,26.0,3.0,-14.0,-10,5,12191
329,2021-11-26,4.0,21.0,-3.0,-15.0,-9,6,11788
330,2021-11-27,3.0,22.0,-6.0,-11.0,-4,4,9994
331,2021-11-28,3.0,23.0,0.0,-11.0,-4,5,13094
332,2021-11-29,8.0,27.0,3.0,-15.0,-10,5,11948
333,2021-11-30,6.0,28.0,0.0,-15.0,-11,5,13695
334,2021-12-01,10.0,34.0,4.0,-13.0,-10,4,13802
335,2021-12-02,13.0,36.0,8.0,-12.0,-9,4,14518
336,2021-12-03,11.0,32.0,5.0,-12.0,-8,5,12001
337,2021-12-04,5.0,26.0,-4.0,-8.0,-4,4,10994
338,2021-12-05,7.0,28.0,3.0,-8.0,-5,5,10379
339,2021-12-06,5.0,22.0,0.0,-16.0,-11,6,11984
340,2021-12-07,6.0,27.0,2.0,-16.0,-11,6,11434
341,2021-12-08,11.0,30.0,7.0,-13.0,-7,4,11749
342,2021-12-09,10.0,29.0,5.0,-13.0,-6,5,12156
343,2021-12-10,8.0,26.0,0.0,-12.0,-4,5,10827
344,2021-12-11,7.0,27.0,0.0,-7.0,2,3,8242
345,2021-12-12,10.0,29.0,9.0,-6.0,4,3,8700
346,2021-12-13,11.0,29.0,10.0,-12.0,-7,4,8776
347,2021-12-14,8.0,26.0,6.0,-12.0,-8,4,8435
348,2021-12-15,10.0,27.0,7.0,-11.0,-7,4,9869
349,2021-12-16,10.0,26.0,5.0,-10.0,-7,5,8844
350,2021-12-17,9.0,26.0,2.0,-10.0,-5,5,6765
351,2021-12-18,8.0,27.0,3.0,-4.0,1,3,6462
352,2021-12-19,11.0,28.0,11.0,-3.0,3,3,10029
353,2021-12-20,9.0,25.0,6.0,-11.0,-11,5,9687
354,2021-12-21,9.0,27.0,7.0,-10.0,-13,5,9039
355,2021-12-22,15.0,32.0,17.0,-8.0,-12,4,10614
356,2021-12-23,10.0,27.0,9.0,-8.0,-12,5,8054
357,2021-12-24,14.0,34.0,10.0,-9.0,-14,5,7300
358,2021-12-25,5.0,23.0,11.0,-15.0,-33,7,10180
359,2021-12-26,8.0,26.0,13.0,-12.0,1,4,9775
360,2021-12-27,9.0,26.0,13.0,-14.0,-17,6,7533
361,2021-12-28,11.0,31.0,19.0,-11.0,-17,5,8493
362,2021-12-29,13.0,32.0,22.0,-12.0,-17,5,8232
363,2021-12-30,16.0,38.0,24.0,-6.0,-17,5,6208
364,2021-12-31,20.0,52.0,35.0,-6.0,-22,4,5560
0,2022-01-01,3.0,24.0,46.0,-15.0,-49,6,0
1,2022-01-02,11.0,35.0,28.0,-4.0,-4,3,2
2,2022-01-03,14.0,36.0,20.0,-9.0,-10,4,0
3,2022-01-04,11.0,33.0,15.0,-9.0,-8,4,0
4,2022-01-05,12.0,34.0,17.0,-10.0,-7,4,0
5,2022-01-06,10.0,30.0,12.0,-11.0,-5,5,2
6,2022-01-07,6.0,25.0,6.0,-13.0,-3,5,0
7,2022-01-08,8.0,31.0,10.0,-6.0,1,3,2
8,2022-01-09,7.0,28.0,13.0,-6.0,2,4,13
9,2022-01-10,7.0,27.0,6.0,-13.0,-4,4,8
10,2022-01-11,1.0,20.0,-1.0,-15.0,-4,5,7
11,2022-01-12,5.0,25.0,6.0,-14.0,-3,5,0
12,2022-01-13,8.0,29.0,7.0,-12.0,-2,4,35
13,2022-01-14,6.0,25.0,5.0,-13.0,1,5,27
14,2022-01-15,5.0,26.0,6.0,-10.0,4,5,21
15,2022-01-16,6.0,26.0,14.0,-10.0,5,6,17
16,2022-01-17,5.0,23.0,6.0,-15.0,-1,5,38
17,2022-01-18,1.0,21.0,3.0,-15.0,-2,6,55
18,2022-01-19,6.0,26.0,5.0,-16.0,0,6,82
19,2022-01-20,6.0,26.0,3.0,-15.0,1,7,60
20,2022-01-21,7.0,25.0,5.0,-15.0,4,6,81
21,2022-01-22,6.0,25.0,5.0,-14.0,7,6,64
22,2022-01-23,7.0,25.0,14.0,-14.0,7,7,65
23,2022-01-24,8.0,26.0,11.0,-17.0,1,6,107
24,2022-01-25,8.0,28.0,8.0,-16.0,0,6,104
25,2022-01-26,9.0,27.0,10.0,-17.0,0,6,103
26,2022-01-27,10.0,28.0,9.0,-15.0,2,6,153
27,2022-01-28,7.0,26.0,4.0,-15.0,4,7,109
28,2022-01-29,9.0,32.0,10.0,-9.0,8,5,130
29,2022-01-30,8.0,28.0,16.0,-13.0,8,6,129
30,2022-01-31,14.0,34.0,20.0,-16.0,-5,6,114
31,2022-02-01,16.0,34.0,48.0,-17.0,-55,14,149
32,2022-02-02,12.0,36.0,14.0,-16.0,-2,6,113
33,2022-02-03,9.0,32.0,9.0,-18.0,-1,7,196
34,2022-02-04,5.0,24.0,2.0,-22.0,0,8,106
35,2022-02-05,4.0,28.0,-1.0,-17.0,4,7,181
36,2022-02-06,4.0,26.0,5.0,-18.0,4,8,218
37,2022-02-07,7.0,28.0,5.0,-23.0,-6,8,247
38,2022-02-08,4.0,24.0,4.0,-25.0,-7,9,218
39,2022-02-09,3.0,23.0,3.0,-26.0,-7,9,337
40,2022-02-10,7.0,30.0,5.0,-24.0,-7,9,219
41,2022-02-11,3.0,24.0,-1.0,-26.0,-5,10,330
42,2022-02-12,1.0,24.0,-3.0,-24.0,2,8,399
43,2022-02-13,-1.0,21.0,2.0,-26.0,3,9,316
44,2022-02-14,5.0,27.0,4.0,-27.0,-8,9,282
45,2022-02-15,1.0,23.0,2.0,-27.0,-10,10,297
46,2022-02-16,1.0,21.0,2.0,-29.0,-9,11,380
47,2022-02-17,2.0,24.0,2.0,-27.0,-8,10,407
48,2022-02-18,-1.0,19.0,-3.0,-29.0,-7,11,325
49,2022-02-19,0.0,24.0,-1.0,-26.0,3,9,327
50,2022-02-20,-3.0,20.0,1.0,-27.0,5,10,185
51,2022-02-21,1.0,21.0,3.0,-28.0,-8,11,375
52,2022-02-22,1.0,22.0,5.0,-27.0,-9,10,283
53,2022-02-23,2.0,23.0,11.0,-26.0,-7,11,357
54,2022-02-24,3.0,25.0,12.0,-25.0,-6,11,436
55,2022-02-25,2.0,27.0,6.0,-22.0,-3,12,396
56,2022-02-26,1.0,29.0,3.0,-12.0,6,9,275
57,2022-02-27,6.0,30.0,21.0,-16.0,7,8,214
58,2022-02-28,12.0,32.0,47.0,-19.0,-53,17,415
59,2022-03-01,5.0,32.0,14.0,-20.0,-6,10,260
60,2022-03-02,8.0,35.0,21.0,-18.0,-6,9,347
61,2022-03-03,11.0,33.0,44.0,-22.0,-49,18,433
62,2022-03-04,6.0,29.0,23.0,-23.0,0,13,292
63,2022-03-05,2.0,26.0,11.0,-19.0,8,12,349
64,2022-03-06,4.0,27.0,17.0,-16.0,13,11,395
65,2022-03-07,4.0,24.0,21.0,-22.0,1,13,484
66,2022-03-08,4.0,25.0,28.0,-21.0,2,13,367
67,2022-03-09,6.0,27.0,33.0,-21.0,3,14,338
68,2022-03-10,7.0,28.0,36.0,-20.0,6,15,336
69,2022-03-11,6.0,26.0,31.0,-20.0,9,17,533
70,2022-03-12,5.0,28.0,25.0,-14.0,17,14,387
71,2022-03-13,5.0,27.0,28.0,-13.0,20,14,233
72,2022-03-14,6.0,24.0,38.0,-20.0,8,16,484
73,2022-03-15,6.0,26.0,37.0,-18.0,7,16,689
74,2022-03-16,9.0,30.0,43.0,-17.0,8,15,568
75,2022-03-17,8.0,28.0,43.0,-17.0,8,15,490
76,2022-03-18,6.0,24.0,33.0,-17.0,10,16,529
77,2022-03-19,6.0,28.0,28.0,-10.0,18,13,489
78,2022-03-20,5.0,27.0,31.0,-10.0,21,14,496
79,2022-03-21,8.0,26.0,42.0,-16.0,9,15,486
80,2022-03-22,7.0,25.0,42.0,-15.0,8,15,693
81,2022-03-23,8.0,27.0,45.0,-15.0,8,15,973
82,2022-03-24,11.0,30.0,47.0,-12.0,10,14,634
83,2022-03-25,11.0,32.0,42.0,-10.0,11,15,949
84,2022-03-26,8.0,30.0,34.0,-4.0,18,12,526
85,2022-03-27,11.0,32.0,42.0,-1.0,22,11,479
86,2022-03-28,12.0,32.0,50.0,-9.0,9,14,415
87,2022-03-29,12.0,32.0,50.0,-9.0,8,14,686
88,2022-03-30,16.0,36.0,57.0,-8.0,8,13,687
89,2022-03-31,18.0,40.0,56.0,-5.0,8,12,678
90,2022-04-01,17.0,44.0,49.0,-6.0,3,14,557
91,2022-04-02,6.0,42.0,19.0,-14.0,3,16,700
92,2022-04-03,-21.0,8.0,-15.0,-35.0,7,22,467
93,2022-04-04,-2.0,25.0,31.0,-22.0,-3,19,609
94,2022-04-05,-4.0,20.0,27.0,-23.0,1,19,684
95,2022-04-06,0.0,24.0,32.0,-23.0,5,18,585
96,2022-04-07,1.0,24.0,31.0,-22.0,8,17,703
97,2022-04-08,0.0,21.0,24.0,-24.0,11,18,993
98,2022-04-09,-1.0,23.0,8.0,-23.0,18,17,672
99,2022-04-10,-2.0,22.0,1.0,-24.0,24,18,847
100,2022-04-11,3.0,23.0,35.0,-22.0,9,17,1043
101,2022-04-12,4.0,25.0,35.0,-19.0,8,17,1240
102,2022-04-13,6.0,26.0,37.0,-19.0,8,17,979
103,2022-04-14,11.0,32.0,40.0,-10.0,9,15,1111
104,2022-04-15,10.0,27.0,37.0,-23.0,-41,25,1014
105,2022-04-16,3.0,25.0,14.0,-20.0,14,17,857
106,2022-04-17,3.0,25.0,6.0,-16.0,26,17,1017
107,2022-04-18,7.0,27.0,36.0,-17.0,8,17,1106
108,2022-04-19,3.0,23.0,28.0,-17.0,7,17,1031
109,2022-04-20,11.0,35.0,37.0,-14.0,7,16,1331
110,2022-04-21,13.0,36.0,39.0,-12.0,8,16,1041
111,2022-04-22,10.0,31.0,32.0,-15.0,11,17,1226
112,2022-04-23,13.0,40.0,17.0,-5.0,19,14,862
113,2022-04-24,15.0,41.0,10.0,-5.0,29,15,954
114,2022-04-25,20.0,43.0,47.0,-7.0,3,16,1051
115,2022-04-26,25.0,53.0,53.0,1.0,1,15,1113
116,2022-04-27,26.0,52.0,56.0,4.0,-2,15,1178
117,2022-04-28,33.0,67.0,64.0,16.0,-6,14,1240
118,2022-04-29,34.0,68.0,66.0,13.0,-31,18,1385
119,2022-04-30,24.0,65.0,43.0,15.0,-17,15,1198
120,2022-05-01,22.0,74.0,44.0,3.0,3,14,1082
121,2022-05-02,21.0,38.0,142.0,-14.0,-71,15,1293
122,2022-05-03,37.0,64.0,197.0,11.0,-71,13,1385
123,2022-05-04,41.0,66.0,214.0,14.0,-64,13,1624
124,2022-05-05,45.0,69.0,202.0,18.0,-58,14,1301
125,2022-05-06,31.0,52.0,137.0,9.0,-51,18,1447
126,2022-05-07,18.0,43.0,88.0,17.0,-26,12,1607
127,2022-05-08,18.0,43.0,64.0,17.0,9,10,1209
128,2022-05-09,24.0,42.0,85.0,4.0,-4,14,1268
129,2022-05-10,23.0,45.0,72.0,5.0,-3,14,1853
130,2022-05-11,22.0,43.0,69.0,0.0,0,14,2657
131,2022-05-12,20.0,40.0,63.0,-1.0,6,13,1611
132,2022-05-13,16.0,35.0,50.0,-4.0,9,14,1671
133,2022-05-14,13.0,36.0,46.0,6.0,14,12,1681
134,2022-05-15,16.0,35.0,64.0,6.0,18,11,1282
135,2022-05-16,25.0,38.0,105.0,2.0,-48,21,1591
136,2022-05-17,15.0,35.0,55.0,-1.0,7,13,1522
137,2022-05-18,14.0,33.0,54.0,-7.0,6,14,1574
138,2022-05-19,11.0,29.0,46.0,-9.0,7,14,1462
139,2022-05-20,9.0,27.0,39.0,-11.0,10,15,1752
140,2022-05-21,9.0,29.0,35.0,-7.0,16,13,1639
141,2022-05-22,11.0,30.0,42.0,-6.0,22,13,1693
142,2022-05-23,13.0,31.0,55.0,-10.0,8,14,1655
143,2022-05-24,11.0,30.0,52.0,-9.0,7,14,1882
144,2022-05-25,15.0,34.0,57.0,-4.0,6,13,1906
145,2022-05-26,18.0,33.0,76.0,-8.0,-44,22,1761
146,2022-05-27,12.0,30.0,46.0,-12.0,10,14,1868
147,2022-05-28,11.0,31.0,41.0,-8.0,16,13,1492
148,2022-05-29,10.0,29.0,40.0,-4.0,24,13,1525
149,2022-05-30,13.0,31.0,53.0,-11.0,10,14,1748
150,2022-05-31,14.0,34.0,53.0,-8.0,9,12,2381
151,2022-06-01,23.0,41.0,88.0,-12.0,-44,22,1904
152,2022-06-02,12.0,34.0,48.0,-11.0,11,14,2040
153,2022-06-03,13.0,34.0,45.0,-11.0,13,14,1560
154,2022-06-04,10.0,33.0,37.0,-8.0,18,13,1519
155,2022-06-05,8.0,30.0,37.0,-8.0,23,14,1679
156,2022-06-06,11.0,30.0,46.0,-12.0,10,15,1922
157,2022-06-07,14.0,35.0,52.0,-9.0,8,14,1815
158,2022-06-08,13.0,32.0,53.0,-11.0,8,15,1882
159,2022-06-09,12.0,31.0,50.0,-11.0,9,15,2473
160,2022-06-10,12.0,31.0,43.0,-10.0,13,15,2277
161,2022-06-11,10.0,31.0,36.0,-8.0,19,13,1893
162,2022-06-12,9.0,29.0,37.0,-6.0,24,14,1687
163,2022-06-13,11.0,29.0,47.0,-11.0,9,15,1693
164,2022-06-14,12.0,30.0,50.0,-9.0,8,15,1942
165,2022-06-15,12.0,31.0,52.0,-9.0,7,15,2098
166,2022-06-16,12.0,31.0,48.0,-9.0,8,15,2307
167,2022-06-17,8.0,26.0,37.0,-11.0,9,16,2345
168,2022-06-18,9.0,30.0,38.0,-6.0,17,13,2081
169,2022-06-19,9.0,29.0,41.0,-6.0,25,14,1821
170,2022-06-20,13.0,31.0,56.0,-8.0,5,15,1673
171,2022-06-21,12.0,30.0,56.0,-7.0,4,15,1902
172,2022-06-22,12.0,30.0,57.0,-7.0,3,15,2266
173,2022-06-23,12.0,30.0,52.0,-7.0,4,16,2197
174,2022-06-24,11.0,29.0,45.0,-7.0,6,16,2090
175,2022-06-25,11.0,32.0,42.0,-2.0,16,13,2037
176,2022-06-26,8.0,27.0,40.0,-1.0,24,14,1877
177,2022-06-27,13.0,31.0,59.0,-5.0,0,16,2447
178,2022-06-28,14.0,33.0,61.0,-3.0,-1,15,2306
179,2022-06-29,16.0,34.0,63.0,-3.0,-1,15,2719
180,2022-06-30,18.0,39.0,60.0,-1.0,1,15,3003
181,2022-07-01,17.0,40.0,54.0,-1.0,2,15,3308
182,2022-07-02,16.0,41.0,50.0,6.0,11,12,2858
183,2022-07-03,17.0,39.0,51.0,7.0,24,12,2743
184,2022-07-04,19.0,39.0,67.0,0.0,-1,15,2775
185,2022-07-05,17.0,39.0,63.0,1.0,-2,15,3075
186,2022-07-06,20.0,39.0,66.0,0.0,-1,15,3622
187,2022-07-07,22.0,43.0,65.0,3.0,0,14,3269
188,2022-07-08,19.0,43.0,54.0,3.0,1,15,3128
189,2022-07-09,12.0,42.0,45.0,-5.0,-17,17,3444
190,2022-07-10,-2.0,19.0,31.0,-14.0,4,15,2880
191,2022-07-11,17.0,39.0,70.0,-2.0,-3,14,3046
192,2022-07-12,15.0,37.0,64.0,0.0,0,14,3307
193,2022-07-13,15.0,35.0,62.0,-3.0,2,14,3861
194,2022-07-14,17.0,37.0,60.0,-2.0,4,14,3737
195,2022-07-15,12.0,29.0,47.0,-5.0,7,15,3806
196,2022-07-16,10.0,32.0,37.0,-3.0,13,14,3636
197,2022-07-17,15.0,39.0,40.0,2.0,25,13,3141
198,2022-07-18,14.0,34.0,53.0,-8.0,9,14,3507
199,2022-07-19,14.0,34.0,56.0,-7.0,11,17,3963
200,2022-07-20,14.0,35.0,55.0,-8.0,10,14,3635
201,2022-07-21,13.0,33.0,51.0,-8.0,12,14,3891
202,2022-07-22,11.0,29.0,44.0,-9.0,15,15,4168
203,2022-07-23,11.0,32.0,39.0,-5.0,20,13,3989
204,2022-07-24,8.0,28.0,34.0,-7.0,22,14,4176
205,2022-07-25,11.0,32.0,43.0,-10.0,11,15,4071
206,2022-07-26,13.0,34.0,50.0,-8.0,12,14,4465
207,2022-07-27,14.0,34.0,53.0,-8.0,12,14,4634
208,2022-07-28,16.0,38.0,52.0,-6.0,14,14,4823
209,2022-07-29,16.0,38.0,50.0,-3.0,16,13,4494
210,2022-07-30,15.0,37.0,57.0,0.0,-15,16,3874
211,2022-07-31,14.0,38.0,43.0,0.0,27,14,3509
212,2022-08-01,17.0,41.0,52.0,-7.0,15,14,4002
213,2022-08-02,15.0,39.0,48.0,-7.0,14,14,4284
214,2022-08-03,15.0,38.0,50.0,-9.0,14,14,4174
215,2022-08-04,17.0,38.0,48.0,-8.0,15,14,4317
216,2022-08-05,17.0,38.0,46.0,-6.0,17,14,4007
217,2022-08-06,15.0,38.0,40.0,-3.0,21,13,3992
218,2022-08-07,14.0,37.0,38.0,-4.0,23,14,3622
219,2022-08-08,17.0,37.0,52.0,-8.0,15,14,4056
220,2022-08-09,15.0,36.0,50.0,-8.0,14,14,4538
221,2022-08-10,16.0,38.0,53.0,-7.0,15,13,4850
222,2022-08-11,16.0,38.0,51.0,-7.0,17,14,4094
223,2022-08-12,12.0,31.0,43.0,-9.0,19,14,4294
224,2022-08-13,9.0,31.0,32.0,-5.0,23,14,4497
225,2022-08-14,11.0,33.0,34.0,-6.0,27,14,3267
226,2022-08-15,17.0,37.0,58.0,-8.0,17,16,3906
227,2022-08-16,17.0,38.0,58.0,-5.0,14,15,4127
228,2022-08-17,22.0,38.0,103.0,-17.0,-37,25,4411
229,2022-08-18,17.0,39.0,58.0,-8.0,16,17,4301
230,2022-08-19,14.0,33.0,51.0,-10.0,19,18,4301
231,2022-08-20,12.0,34.0,41.0,-8.0,24,17,4105
232,2022-08-21,9.0,30.0,36.0,-9.0,26,18,3373
233,2022-08-22,14.0,34.0,54.0,-9.0,17,17,3602
234,2022-08-23,13.0,33.0,52.0,-9.0,16,17,4267
235,2022-08-24,14.0,34.0,55.0,-9.0,16,17,4432
236,2022-08-25,16.0,38.0,52.0,-7.0,18,17,4369
237,2022-08-26,15.0,35.0,47.0,-7.0,21,17,4070
238,2022-08-27,14.0,36.0,40.0,-4.0,24,16,3732
239,2022-08-28,13.0,35.0,39.0,-4.0,26,16,3222
240,2022-08-29,14.0,33.0,47.0,-9.0,17,17,3520
241,2022-08-30,13.0,34.0,46.0,-9.0,17,15,4029
242,2022-08-31,16.0,38.0,48.0,-8.0,17,15,3565
243,2022-09-01,18.0,41.0,46.0,-6.0,18,13,2897
244,2022-09-02,17.0,38.0,44.0,-6.0,20,14,3143
245,2022-09-03,16.0,40.0,40.0,-2.0,22,12,2696
246,2022-09-04,16.0,38.0,40.0,-1.0,23,13,2618
247,2022-09-05,16.0,37.0,47.0,-8.0,18,13,2973
248,2022-09-06,14.0,35.0,47.0,-8.0,17,13,3356
249,2022-09-07,14.0,33.0,49.0,-8.0,18,14,4065
250,2022-09-08,15.0,33.0,43.0,-8.0,18,14,3778
251,2022-09-09,12.0,28.0,37.0,-8.0,21,14,4262
252,2022-09-10,12.0,32.0,32.0,-6.0,23,13,3880
253,2022-09-11,15.0,35.0,37.0,-3.0,25,14,2853
254,2022-09-12,16.0,33.0,48.0,-8.0,20,14,3779
255,2022-09-13,14.0,32.0,45.0,-8.0,18,14,3770
256,2022-09-14,17.0,34.0,50.0,-8.0,19,13,4173
257,2022-09-15,16.0,35.0,47.0,-6.0,20,13,5444
258,2022-09-16,13.0,29.0,39.0,-8.0,18,13,5272
259,2022-09-17,13.0,32.0,37.0,-5.0,21,13,4106
260,2022-09-18,11.0,30.0,36.0,-5.0,22,14,3535
261,2022-09-19,12.0,29.0,43.0,-10.0,15,14,3807
262,2022-09-20,10.0,29.0,40.0,-9.0,14,14,4265
263,2022-09-21,12.0,29.0,43.0,-10.0,14,14,4798
264,2022-09-22,13.0,29.0,41.0,-9.0,15,14,4792
265,2022-09-23,13.0,28.0,37.0,-8.0,18,14,4998
266,2022-09-24,13.0,32.0,35.0,-5.0,21,13,4360
267,2022-09-25,13.0,32.0,37.0,-5.0,23,14,4442
268,2022-09-26,13.0,29.0,43.0,-10.0,16,14,4192
269,2022-09-27,13.0,30.0,43.0,-9.0,15,14,5534
270,2022-09-28,14.0,32.0,46.0,-9.0,15,13,4917
271,2022-09-29,14.0,32.0,42.0,-8.0,17,13,5828
272,2022-09-30,13.0,32.0,35.0,-7.0,19,14,5418
273,2022-10-01,13.0,36.0,31.0,-3.0,22,13,6267
274,2022-10-02,12.0,34.0,29.0,-4.0,20,14,4617
275,2022-10-03,11.0,30.0,38.0,-10.0,16,14,5092
276,2022-10-04,10.0,29.0,38.0,-10.0,15,14,5533
277,2022-10-05,15.0,36.0,43.0,-7.0,15,13,8369
278,2022-10-06,10.0,29.0,34.0,-7.0,17,14,5803
279,2022-10-07,11.0,30.0,35.0,-2.0,16,13,6027
280,2022-10-08,12.0,30.0,46.0,0.0,-20,16,6089
281,2022-10-09,11.0,30.0,32.0,-1.0,17,13,5754
282,2022-10-10,13.0,32.0,43.0,-5.0,15,13,5292
283,2022-10-11,9.0,27.0,38.0,-8.0,14,14,6058
284,2022-10-12,12.0,30.0,46.0,-9.0,15,13,6033
285,2022-10-13,10.0,27.0,38.0,-9.0,16,13,6310
286,2022-10-14,12.0,29.0,37.0,-7.0,18,13,6388
287,2022-10-15,10.0,29.0,29.0,-6.0,20,13,6189
