date;retail_and_recreation_percent_change_from_baseline;grocery_and_pharmacy_percent_change_from_baseline;Positif Harian;;;
15/02/20;-2;-2;0;;;
16/02/20;-3;-3;0;;;
17/02/20;-3;-4;0;;;
18/02/20;-3;-2;0;;;
19/02/20;-3;-4;0;;;
20/02/20;-2;-1;0;;;
21/02/20;-2;-3;0;;;
22/02/20;0;0;0;;;
23/02/20;-2;-1;0;;;
24/02/20;-2;-3;0;;;
25/02/20;-5;-2;0;;;
26/02/20;-2;-1;0;;;
27/02/20;0;2;0;;;
28/02/20;1;3;0;;;
29/02/20;2;6;0;;;
01/03/20;1;5;0;;;
02/03/20;5;12;2;;;
03/03/20;3;10;0;;;
04/03/20;0;4;0;;;
05/03/20;4;8;0;;;
06/03/20;2;4;2;;;
07/03/20;3;6;0;;;
08/03/20;1;4;2;;;
09/03/20;2;3;13;;;
10/03/20;3;6;8;;;
11/03/20;3;5;7;;;
12/03/20;2;3;0;;;
13/03/20;2;3;35;;;
14/03/20;-2;3;27;;;
15/03/20;-7;3;21;;;
16/03/20;-7;2;17;;;
17/03/20;-9;1;38;;;
18/03/20;-11;0;55;;;
19/03/20;-16;-5;82;;;
20/03/20;-19;-7;60;;;
21/03/20;-23;-5;81;;;
22/03/20;-32;-15;64;;;
23/03/20;-27;-12;65;;;
24/03/20;-29;-11;107;;;
25/03/20;-38;-20;104;;;
26/03/20;-34;-17;103;;;
27/03/20;-36;-17;153;;;
28/03/20;-42;-20;109;;;
29/03/20;-47;-27;130;;;
30/03/20;-36;-20;129;;;
31/03/20;-35;-16;114;;;
01/04/20;-31;-10;149;;;
02/04/20;-33;-13;113;;;
03/04/20;-35;-17;196;;;
04/04/20;-40;-20;106;;;
05/04/20;-43;-24;181;;;
06/04/20;-34;-20;218;;;
07/04/20;-33;-16;247;;;
08/04/20;-34;-17;218;;;
09/04/20;-31;-13;337;;;
10/04/20;-43;-28;219;;;
11/04/20;-43;-24;330;;;
12/04/20;-46;-27;399;;;
13/04/20;-33;-19;316;;;
14/04/20;-34;-19;282;;;
15/04/20;-35;-19;297;;;
16/04/20;-34;-18;380;;;
17/04/20;-38;-23;407;;;
18/04/20;-43;-25;325;;;
19/04/20;-45;-26;327;;;
20/04/20;-34;-19;185;;;
21/04/20;-35;-19;375;;;
22/04/20;-34;-16;283;;;
23/04/20;-32;-10;357;;;
24/04/20;-49;-30;436;;;
25/04/20;-50;-29;396;;;
26/04/20;-53;-34;275;;;
27/04/20;-43;-28;214;;;
28/04/20;-43;-26;415;;;
29/04/20;-42;-24;260;;;
30/04/20;-40;-19;347;;;
01/05/20;-44;-23;433;;;
02/05/20;-46;-24;292;;;
03/05/20;-48;-28;349;;;
04/05/20;-38;-21;395;;;
05/05/20;-39;-19;484;;;
06/05/20;-38;-18;367;;;
07/05/20;-44;-18;338;;;
08/05/20;-44;-19;336;;;
09/05/20;-48;-22;533;;;
10/05/20;-48;-23;387;;;
11/05/20;-39;-16;233;;;
12/05/20;-38;-13;484;;;
13/05/20;-37;-12;689;;;
14/05/20;-36;-10;568;;;
15/05/20;-36;-9;490;;;
16/05/20;-37;-8;529;;;
17/05/20;-40;-13;489;;;
18/05/20;-33;-10;496;;;
19/05/20;-29;1;486;;;
20/05/20;-26;3;693;;;
21/05/20;-24;12;973;;;
22/05/20;-27;7;634;;;
23/05/20;-35;6;949;;;
24/05/20;-51;-30;526;;;
25/05/20;-40;-17;479;;;
26/05/20;-36;-12;415;;;
27/05/20;-32;-8;686;;;
28/05/20;-32;-8;687;;;
29/05/20;-33;-11;678;;;
30/05/20;-37;-11;557;;;
31/05/20;-37;-13;700;;;
01/06/20;-28;-7;467;;;
02/06/20;-27;-4;609;;;
03/06/20;-27;-4;684;;;
04/06/20;-27;-5;585;;;
05/06/20;-30;-9;703;;;
06/06/20;-31;-8;993;;;
07/06/20;-32;-10;672;;;
08/06/20;-24;-6;847;;;
09/06/20;-26;-7;1043;;;
10/06/20;-24;-4;1240;;;
11/06/20;-23;-5;979;;;
12/06/20;-26;-9;1111;;;
13/06/20;-28;-8;1014;;;
14/06/20;-29;-10;857;;;
15/06/20;-21;-6;1017;;;
16/06/20;-22;-5;1106;;;
17/06/20;-22;-5;1031;;;
18/06/20;-22;-7;1331;;;
19/06/20;-24;-10;1041;;;
20/06/20;-25;-7;1226;;;
21/06/20;-28;-11;862;;;
22/06/20;-21;-8;954;;;
23/06/20;-22;-7;1051;;;
24/06/20;-22;-7;1113;;;
25/06/20;-21;-4;1178;;;
26/06/20;-23;-7;1240;;;
27/06/20;-23;-5;1385;;;
28/06/20;-26;-8;1198;;;
29/06/20;-19;-5;1082;;;
30/06/20;-17;0;1293;;;
01/07/20;-16;2;1385;;;
02/07/20;-17;-1;1624;;;
03/07/20;-18;-2;1301;;;
04/07/20;-18;-1;1447;;;
05/07/20;-20;-2;1607;;;
06/07/20;-18;-4;1209;;;
07/07/20;-14;1;1268;;;
08/07/20;-16;-2;1853;;;
09/07/20;-16;-1;2657;;;
10/07/20;-18;-4;1611;;;
11/07/20;-19;-2;1671;;;
12/07/20;-20;-4;1681;;;
13/07/20;-16;-4;1282;;;
14/07/20;-18;-5;1591;;;
15/07/20;-17;-4;1522;;;
16/07/20;-17;-3;1574;;;
17/07/20;-19;-6;1462;;;
18/07/20;-19;-4;1752;;;
19/07/20;-21;-6;1639;;;
20/07/20;-16;-4;1693;;;
21/07/20;-18;-6;1655;;;
22/07/20;-18;-6;1882;;;
23/07/20;-19;-5;1906;;;
24/07/20;-19;-6;1761;;;
25/07/20;-18;-2;1868;;;
26/07/20;-21;-5;1492;;;
27/07/20;-16;-3;1525;;;
28/07/20;-16;-1;1748;;;
29/07/20;-14;3;2381;;;
30/07/20;-7;18;1904;;;
31/07/20;-29;-13;2040;;;
01/08/20;-22;-2;1560;;;
02/08/20;-20;-1;1519;;;
03/08/20;-13;2;1679;;;
04/08/20;-14;2;1922;;;
05/08/20;-13;2;1815;;;
06/08/20;-13;3;1882;;;
07/08/20;-15;-1;2473;;;
08/08/20;-15;1;2277;;;
09/08/20;-17;-2;1893;;;
10/08/20;-11;2;1687;;;
11/08/20;-15;-2;1693;;;
12/08/20;-12;1;1942;;;
13/08/20;-15;-2;2098;;;
14/08/20;-14;-1;2307;;;
15/08/20;-14;2;2345;;;
16/08/20;-15;0;2081;;;
17/08/20;-11;-2;1821;;;
18/08/20;-14;0;1673;;;
19/08/20;-11;4;1902;;;
20/08/20;-12;1;2266;;;
21/08/20;-15;-3;2197;;;
22/08/20;-18;-5;2090;;;
23/08/20;-21;-7;2037;;;
24/08/20;-14;-3;1877;;;
25/08/20;-14;0;2447;;;
26/08/20;-14;0;2306;;;
27/08/20;-13;2;2719;;;
28/08/20;-15;0;3003;;;
29/08/20;-15;1;3308;;;
30/08/20;-15;1;2858;;;
31/08/20;-12;2;2743;;;
01/09/20;-11;6;2775;;;
02/09/20;-12;3;3075;;;
03/09/20;-13;2;3622;;;
04/09/20;-13;1;3269;;;
05/09/20;-13;3;3128;;;
06/09/20;-14;2;3444;;;
07/09/20;-11;2;2880;;;
08/09/20;-12;2;3046;;;
09/09/20;-13;1;3307;;;
10/09/20;-13;1;3861;;;
11/09/20;-14;-3;3737;;;
12/09/20;-14;-1;3806;;;
13/09/20;-17;-4;3636;;;
14/09/20;-16;-5;3141;;;
15/09/20;-17;-5;3507;;;
16/09/20;-15;-2;3963;;;
17/09/20;-16;-3;3635;;;
18/09/20;-19;-6;3891;;;
19/09/20;-19;-3;4168;;;
20/09/20;-24;-9;3989;;;
21/09/20;-19;-7;4176;;;
22/09/20;-22;-8;4071;;;
23/09/20;-23;-6;4465;;;
24/09/20;-23;-7;4634;;;
25/09/20;-24;-6;4823;;;
26/09/20;-24;-4;4494;;;
27/09/20;-26;-8;3874;;;
28/09/20;-21;-4;3509;;;
29/09/20;-22;-4;4002;;;
30/09/20;-20;2;4284;;;
01/10/20;-20;5;4174;;;
02/10/20;-20;1;4317;;;
03/10/20;-19;3;4007;;;
04/10/20;-20;1;3992;;;
05/10/20;-17;2;3622;;;
06/10/20;-19;0;4056;;;
07/10/20;-18;1;4538;;;
08/10/20;-18;0;4850;;;
09/10/20;-20;-4;4094;;;
10/10/20;-22;-4;4294;;;
11/10/20;-19;-1;4497;;;
12/10/20;-17;-1;3267;;;
13/10/20;-19;-2;3906;;;
14/10/20;-16;0;4127;;;
15/10/20;-16;2;4411;;;
16/10/20;-20;-3;4301;;;
17/10/20;-17;3;4301;;;
18/10/20;-19;-1;4105;;;
19/10/20;-20;-3;3373;;;
20/10/20;-19;-2;3602;;;
21/10/20;-20;-4;4267;;;
22/10/20;-17;1;4432;;;
23/10/20;-18;-1;4369;;;
24/10/20;-18;1;4070;;;
25/10/20;-19;-1;3732;;;
26/10/20;-17;-1;3222;;;
27/10/20;-16;4;3520;;;
28/10/20;-10;10;4029;;;
29/10/20;-9;6;3565;;;
30/10/20;-16;-2;2897;;;
31/10/20;-23;-8;3143;;;
01/11/20;-18;0;2696;;;
02/11/20;-15;2;2618;;;
03/11/20;-15;2;2973;;;
04/11/20;-14;2;3356;;;
05/11/20;-16;0;4065;;;
06/11/20;-16;0;3778;;;
07/11/20;-15;0;4262;;;
08/11/20;-17;-1;3880;;;
09/11/20;-16;0;2853;;;
10/11/20;-16;0;3779;;;
11/11/20;-14;2;3770;;;
12/11/20;-14;1;4173;;;
13/11/20;-16;-2;5444;;;
14/11/20;-16;-1;5272;;;
15/11/20;-17;-2;4106;;;
16/11/20;-16;-1;3535;;;
17/11/20;-17;-1;3807;;;
18/11/20;-16;0;4265;;;
19/11/20;-17;-1;4798;;;
20/11/20;-17;-2;4792;;;
21/11/20;-17;-1;4998;;;
22/11/20;-19;-4;4360;;;
23/11/20;-19;-6;4442;;;
24/11/20;-19;-4;4192;;;
25/11/20;-16;1;5534;;;
26/11/20;-14;3;4917;;;
27/11/20;-17;-2;5828;;;
28/11/20;-17;0;5418;;;
29/11/20;-19;-3;6267;;;
30/11/20;-14;4;4617;;;
01/12/20;-14;7;5092;;;
02/12/20;-13;7;5533;;;
03/12/20;-13;5;8369;;;
04/12/20;-15;2;5803;;;
05/12/20;-17;1;6027;;;
06/12/20;-18;-2;6089;;;
07/12/20;-16;1;5754;;;
08/12/20;-13;5;5292;;;
09/12/20;-14;1;6058;;;
10/12/20;-14;6;6033;;;
11/12/20;-16;1;6310;;;
12/12/20;-19;1;6388;;;
13/12/20;-18;-1;6189;;;
14/12/20;-15;2;5489;;;
15/12/20;-15;3;6120;;;
16/12/20;-14;4;6725;;;
17/12/20;-15;3;7354;;;
18/12/20;-16;2;6689;;;
19/12/20;-15;5;7751;;;
20/12/20;-15;3;6982;;;
21/12/20;-11;5;6848;;;
22/12/20;-11;6;6347;;;
23/12/20;-8;12;7514;;;
24/12/20;-7;13;7199;;;
25/12/20;-16;-1;7259;;;
26/12/20;-19;0;6740;;;
27/12/20;-18;-1;6528;;;
28/12/20;-12;6;5854;;;
29/12/20;-15;3;7903;;;
30/12/20;-12;9;8002;;;
31/12/20;-7;23;8074;;;
01/01/21;-25;-8;8072;;;
02/01/21;-20;3;7203;;;
03/01/21;-21;-2;6877;;;
04/01/21;-15;5;6753;;;
05/01/21;-18;3;7445;;;
06/01/21;-15;4;8854;;;
07/01/21;-16;4;9321;;;
08/01/21;-18;0;10617;;;
09/01/21;-22;-4;10046;;;
10/01/21;-20;-1;9640;;;
11/01/21;-18;-2;8692;;;
12/01/21;-22;-6;10047;;;
13/01/21;-23;-8;11278;;;
14/01/21;-25;-12;11557;;;
15/01/21;-30;-18;12818;;;
16/01/21;-32;-19;14224;;;
17/01/21;-32;-19;11287;;;
18/01/21;-30;-19;9086;;;
19/01/21;-29;-16;10365;;;
20/01/21;-28;-15;12568;;;
21/01/21;-27;-15;11703;;;
22/01/21;-29;-17;13632;;;
23/01/21;-27;-13;12191;;;
24/01/21;-32;-20;11788;;;
25/01/21;-25;-12;9994;;;
26/01/21;-27;-14;13094;;;
27/01/21;-26;-12;11948;;;
28/01/21;-24;-9;13695;;;
29/01/21;-27;-12;13802;;;
30/01/21;-27;-8;14518;;;
31/01/21;-24;-5;12001;;;
01/02/21;-23;-5;10994;;;
02/02/21;-22;-3;10379;;;
03/02/21;-25;-9;11984;;;
04/02/21;-24;-8;11434;;;
05/02/21;-21;-4;11749;;;
06/02/21;-26;-10;12156;;;
07/02/21;-30;-16;10827;;;
08/02/21;-23;-8;8242;;;
09/02/21;-21;-4;8700;;;
10/02/21;-20;-3;8776;;;
11/02/21;-16;1;8435;;;
12/02/21;-22;-8;9869;;;
13/02/21;-24;-7;8844;;;
14/02/21;-26;-9;6765;;;
15/02/21;-21;-5;6462;;;
16/02/21;-23;-6;10029;;;
17/02/21;-21;-4;9687;;;
18/02/21;-24;-8;9039;;;
19/02/21;-23;-6;10614;;;
20/02/21;-25;-6;8054;;;
21/02/21;-23;-5;7300;;;
22/02/21;-21;-5;10180;;;
23/02/21;-23;-7;9775;;;
24/02/21;-22;-6;7533;;;
25/02/21;-19;0;8493;;;
26/02/21;-19;0;8232;;;
27/02/21;-18;4;6208;;;
28/02/21;-17;4;5560;;;
01/03/21;-16;5;6680;;;
02/03/21;-18;2;5712;;;
03/03/21;-16;5;6808;;;
04/03/21;-17;2;7264;;;
05/03/21;-17;1;6995;;;
06/03/21;-18;2;5743;;;
07/03/21;-20;-1;5826;;;
08/03/21;-18;0;6894;;;
09/03/21;-17;1;6389;;;
10/03/21;-14;6;5633;;;
11/03/21;-12;5;5144;;;
12/03/21;-18;0;6412;;;
13/03/21;-17;3;4607;;;
14/03/21;-20;-2;4714;;;
15/03/21;-16;3;5589;;;
16/03/21;-18;0;5414;;;
17/03/21;-16;2;6825;;;
18/03/21;-17;1;6570;;;
19/03/21;-17;1;6279;;;
20/03/21;-16;4;5656;;;
21/03/21;-17;1;4396;;;
22/03/21;-17;1;5744;;;
23/03/21;-18;0;5297;;;
24/03/21;-16;2;5227;;;
25/03/21;-15;4;6107;;;
26/03/21;-14;5;4982;;;
27/03/21;-17;3;4461;;;
28/03/21;-16;5;4083;;;
29/03/21;-15;5;5008;;;
30/03/21;-17;2;4682;;;
31/03/21;-13;7;5937;;;
01/04/21;-9;16;6142;;;
02/04/21;-7;15;5325;;;
03/04/21;-12;10;4345;;;
04/04/21;-12;10;6731;;;
05/04/21;-10;12;3712;;;
06/04/21;-12;10;4549;;;
07/04/21;-10;11;4860;;;
08/04/21;-9;12;5504;;;
09/04/21;-8;11;5265;;;
10/04/21;-8;15;4723;;;
11/04/21;-8;15;4127;;;
12/04/21;-5;22;4829;;;
13/04/21;-30;-1;5702;;;
14/04/21;-25;0;5656;;;
15/04/21;-22;2;6177;;;
16/04/21;-20;2;5363;;;
17/04/21;-23;0;5041;;;
18/04/21;-23;-1;4585;;;
19/04/21;-18;3;4952;;;
20/04/21;-17;6;5549;;;
21/04/21;-15;7;5720;;;
22/04/21;-16;6;6243;;;
23/04/21;-16;4;5436;;;
24/04/21;-17;5;4544;;;
25/04/21;-17;5;4402;;;
26/04/21;-14;7;5944;;;
27/04/21;-14;7;4656;;;
28/04/21;-13;9;5241;;;
29/04/21;-9;14;5833;;;
30/04/21;-8;17;5500;;;
01/05/21;-6;21;4512;;;
02/05/21;-7;19;4394;;;
03/05/21;-2;25;4730;;;
04/05/21;-3;26;4369;;;
05/05/21;-1;27;5285;;;
06/05/21;-2;26;5647;;;
07/05/21;-2;25;6327;;;
08/05/21;-4;25;6130;;;
09/05/21;-2;26;3922;;;
10/05/21;6;36;4891;;;
11/05/21;8;46;5021;;;
12/05/21;6;55;4608;;;
13/05/21;-13;8;3448;;;
14/05/21;-8;15;2633;;;
15/05/21;-7;18;2385;;;
16/05/21;-5;19;3080;;;
17/05/21;1;25;4295;;;
18/05/21;-1;24;4185;;;
19/05/21;-1;23;4871;;;
20/05/21;-2;23;5797;;;
21/05/21;-5;17;5746;;;
22/05/21;-6;18;5296;;;
23/05/21;-6;18;5280;;;
24/05/21;-5;16;5907;;;
25/05/21;-1;24;5060;;;
26/05/21;4;24;5034;;;
27/05/21;0;23;6278;;;
28/05/21;-2;20;5862;;;
29/05/21;-5;18;6565;;;
30/05/21;-1;23;6115;;;
31/05/21;5;27;5662;;;
01/06/21;7;29;4824;;;
02/06/21;3;28;5246;;;
03/06/21;4;29;5353;;;
04/06/21;0;23;6486;;;
05/06/21;1;27;6594;;;
06/06/21;-1;23;5832;;;
07/06/21;2;25;6993;;;
08/06/21;1;24;6294;;;
09/06/21;2;25;7725;;;
10/06/21;2;25;8851;;;
11/06/21;-1;20;8124;;;
12/06/21;-2;22;7465;;;
13/06/21;-3;19;9868;;;
14/06/21;-1;20;8189;;;
15/06/21;-4;18;8161;;;
16/06/21;-2;19;9944;;;
17/06/21;-3;19;12624;;;
18/06/21;-7;14;12990;;;
19/06/21;-11;14;12906;;;
20/06/21;-13;10;13737;;;
21/06/21;-8;15;14536;;;
22/06/21;-8;17;13668;;;
23/06/21;-8;15;15308;;;
24/06/21;-10;14;20574;;;
25/06/21;-8;18;18872;;;
26/06/21;-13;16;21095;;;
27/06/21;-15;11;21342;;;
28/06/21;-8;18;20694;;;
29/06/21;-10;17;20467;;;
30/06/21;-10;20;21807;;;
01/07/21;-6;26;24836;;;
02/07/21;-8;24;25830;;;
03/07/21;-18;17;27913;;;
04/07/21;-22;11;27233;;;
05/07/21;-13;20;29745;;;
06/07/21;-15;19;31189;;;
07/07/21;-15;19;34379;;;
08/07/21;-17;16;38391;;;
09/07/21;-20;11;38124;;;
10/07/21;-25;9;35094;;;
11/07/21;-28;5;36197;;;
12/07/21;-19;12;40427;;;
13/07/21;-21;10;47899;;;
14/07/21;-19;12;54517;;;
15/07/21;-18;13;56757;;;
16/07/21;-22;8;54000;;;
17/07/21;-25;9;51952;;;
18/07/21;-28;5;44721;;;
19/07/21;-14;23;34257;;;
20/07/21;-35;-10;38325;;;
21/07/21;-20;13;33772;;;
22/07/21;-21;14;49509;;;
23/07/21;-24;9;49071;;;
24/07/21;-26;10;45416;;;
25/07/21;-27;8;38679;;;
26/07/21;-18;14;28228;;;
27/07/21;-19;14;45203;;;
28/07/21;-18;15;47791;;;
29/07/21;-17;15;43479;;;
30/07/21;-19;13;41168;;;
31/07/21;-22;14;37284;;;
01/08/21;-22;14;30738;;;
02/08/21;-14;19;22404;;;
03/08/21;-15;18;33900;;;
04/08/21;-13;19;35867;;;
05/08/21;-13;19;35764;;;
06/08/21;-14;17;39532;;;
07/08/21;-16;18;31753;;;
08/08/21;-19;14;26415;;;
09/08/21;-12;17;20709;;;
10/08/21;-13;16;32081;;;
11/08/21;-9;20;30625;;;
12/08/21;-11;17;24709;;;
13/08/21;-14;12;30788;;;
14/08/21;-16;14;28598;;;
15/08/21;-17;11;20813;;;
16/08/21;-8;19;17384;;;
17/08/21;-14;10;20741;;;
18/08/21;-13;14;15768;;;
19/08/21;-12;14;22053;;;
20/08/21;-13;13;20004;;;
21/08/21;-15;12;16744;;;
22/08/21;-16;10;12408;;;
23/08/21;-10;13;9604;;;
24/08/21;-11;12;19106;;;
25/08/21;-8;18;18671;;;
26/08/21;-6;19;16899;;;
27/08/21;-8;15;12618;;;
28/08/21;-9;18;10050;;;
29/08/21;-11;14;7427;;;
30/08/21;-6;16;5436;;;
31/08/21;-6;20;10534;;;
01/09/21;-3;25;10337;;;
02/09/21;0;26;8955;;;
03/09/21;-3;21;7797;;;
04/09/21;-4;23;6727;;;
05/09/21;-4;22;5403;;;
06/09/21;-2;20;4413;;;
07/09/21;-3;20;7201;;;
08/09/21;-3;19;6731;;;
09/09/21;0;23;5990;;;
10/09/21;-2;20;5376;;;
11/09/21;-5;19;5001;;;
12/09/21;-6;18;3779;;;
13/09/21;-2;18;2577;;;
14/09/21;-7;13;4128;;;
15/09/21;0;22;3948;;;
16/09/21;0;22;3145;;;
17/09/21;-1;19;3835;;;
18/09/21;-2;21;3385;;;
19/09/21;-5;17;2234;;;
20/09/21;-1;21;1932;;;
21/09/21;-4;16;3263;;;
22/09/21;-1;19;2720;;;
23/09/21;0;19;2881;;;
24/09/21;-1;19;2557;;;
25/09/21;0;23;2137;;;
26/09/21;-3;18;1760;;;
27/09/21;1;20;1390;;;
28/09/21;0;22;2057;;;
29/09/21;1;22;1954;;;
30/09/21;4;27;1690;;;
01/10/21;5;29;1624;;;
02/10/21;6;32;1414;;;
03/10/21;5;29;1142;;;
04/10/21;4;24;922;;;
05/10/21;5;27;1404;;;
06/10/21;6;27;1484;;;
07/10/21;7;27;1393;;;
08/10/21;5;24;1384;;;
09/10/21;6;28;1167;;;
10/10/21;5;27;894;;;
11/10/21;5;23;620;;;
12/10/21;5;24;1261;;;
13/10/21;6;24;1233;;;
14/10/21;6;25;1053;;;
15/10/21;4;23;915;;;
16/10/21;3;25;997;;;
17/10/21;1;22;747;;;
18/10/21;-2;16;626;;;
19/10/21;3;23;903;;;
20/10/21;10;27;914;;;
21/10/21;4;24;633;;;
22/10/21;2;20;760;;;
23/10/21;2;23;802;;;
24/10/21;2;20;623;;;
25/10/21;4;23;460;;;
26/10/21;3;22;611;;;
27/10/21;3;20;719;;;
28/10/21;6;27;723;;;
29/10/21;5;25;683;;;
30/10/21;4;26;620;;;
31/10/21;4;26;523;;;
01/11/21;4;25;403;;;
02/11/21;4;27;612;;;
03/11/21;9;31;801;;;
04/11/21;5;25;628;;;
05/11/21;6;26;518;;;
06/11/21;8;30;401;;;
07/11/21;3;22;444;;;
08/11/21;8;28;244;;;
09/11/21;3;22;434;;;
10/11/21;5;23;480;;;
11/11/21;8;28;435;;;
12/11/21;4;20;399;;;
13/11/21;3;22;359;;;
14/11/21;5;23;339;;;
15/11/21;4;21;221;;;
16/11/21;4;22;347;;;
17/11/21;7;24;522;;;
18/11/21;8;26;400;;;
19/11/21;4;20;360;;;
20/11/21;4;24;393;;;
21/11/21;6;24;314;;;
22/11/21;5;22;186;;;
23/11/21;2;19;394;;;
24/11/21;7;25;451;;;
25/11/21;7;26;372;;;
26/11/21;4;21;453;;;
27/11/21;3;22;404;;;
28/11/21;3;23;264;;;
29/11/21;8;27;176;;;
30/11/21;6;28;297;;;
01/12/21;10;34;278;;;
02/12/21;13;36;311;;;
03/12/21;11;32;245;;;
04/12/21;5;26;246;;;
05/12/21;7;28;196;;;
06/12/21;5;22;130;;;
07/12/21;6;27;261;;;
08/12/21;11;30;264;;;
09/12/21;10;29;220;;;
10/12/21;8;26;192;;;
11/12/21;7;27;228;;;
12/12/21;10;29;163;;;
13/12/21;11;29;106;;;
14/12/21;8;26;190;;;
15/12/21;10;27;205;;;
16/12/21;10;26;213;;;
17/12/21;9;26;291;;;
18/12/21;8;27;232;;;
19/12/21;11;28;164;;;
20/12/21;9;25;133;;;
21/12/21;9;27;216;;;
22/12/21;15;32;179;;;
23/12/21;10;27;136;;;
24/12/21;14;34;204;;;
25/12/21;5;23;255;;;
26/12/21;8;26;92;;;
27/12/21;9;26;120;;;
28/12/21;11;31;278;;;
29/12/21;13;32;194;;;
30/12/21;16;38;189;;;
31/12/21;20;52;180;;;
01/01/22;3;24;274;;;
02/01/22;11;35;174;;;
03/01/22;14;36;265;;;
04/01/22;11;33;299;;;
05/01/22;12;34;404;;;
06/01/22;10;30;533;;;
07/01/22;6;25;518;;;
08/01/22;8;31;479;;;
09/01/22;7;28;529;;;
10/01/22;7;27;454;;;
11/01/22;1;20;802;;;
12/01/22;5;25;646;;;
13/01/22;8;29;793;;;
14/01/22;6;25;850;;;
15/01/22;5;26;1054;;;
16/01/22;6;26;855;;;
17/01/22;5;23;772;;;
18/01/22;1;21;1362;;;
19/01/22;6;26;1745;;;
20/01/22;6;26;2116;;;
21/01/22;7;25;2604;;;
22/01/22;6;25;3205;;;
23/01/22;7;25;2925;;;
24/01/22;8;26;2927;;;
25/01/22;8;28;4878;;;
26/01/22;9;27;7010;;;
27/01/22;10;28;8077;;;
28/01/22;7;26;9905;;;
29/01/22;9;32;11588;;;
30/01/22;8;28;12422;;;
31/01/22;14;34;10185;;;
01/02/22;16;34;16021;;;
02/02/22;12;36;17895;;;
03/02/22;9;32;27197;;;
04/02/22;5;24;32211;;;
05/02/22;4;28;33729;;;
06/02/22;4;26;36057;;;
07/02/22;7;28;26121;;;
08/02/22;4;24;37492;;;
09/02/22;3;23;46843;;;
10/02/22;7;30;40618;;;
11/02/22;3;24;40489;;;
12/02/22;1;24;55209;;;
13/02/22;-1;21;44526;;;
14/02/22;5;27;36501;;;
15/02/22;1;23;57049;;;
16/02/22;1;21;64718;;;
17/02/22;2;24;63956;;;
18/02/22;-1;19;59635;;;
19/02/22;0;24;59384;;;
20/02/22;-3;20;48484;;;
21/02/22;1;21;34418;;;
22/02/22;1;22;57491;;;
23/02/22;2;23;61488;;;
24/02/22;3;25;57426;;;
25/02/22;2;27;49447;;;
26/02/22;1;29;46643;;;
27/02/22;6;30;34976;;;
28/02/22;12;32;25054;;;
01/03/22;5;32;24728;;;
02/03/22;8;35;40920;;;
03/03/22;11;33;37259;;;
04/03/22;6;29;26347;;;
05/03/22;2;26;30156;;;
06/03/22;4;27;24867;;;
07/03/22;4;24;21380;;;
08/03/22;4;25;30148;;;
09/03/22;6;27;26336;;;
10/03/22;7;28;21311;;;
11/03/22;6;26;16110;;;
12/03/22;5;28;14900;;;
13/03/22;5;27;11585;;;
14/03/22;6;24;9629;;;
15/03/22;6;26;14408;;;
16/03/22;9;30;13018;;;
17/03/22;8;28;11532;;;
18/03/22;6;24;9528;;;
19/03/22;6;28;7951;;;
20/03/22;5;27;5922;;;
21/03/22;8;26;4699;;;
22/03/22;7;25;7464;;;
23/03/22;8;27;6376;;;
24/03/22;11;30;5808;;;
25/03/22;11;32;4857;;;
26/03/22;8;30;4189;;;
27/03/22;11;32;3077;;;
28/03/22;12;32;2798;;;
29/03/22;12;32;3895;;;
30/03/22;16;36;3840;;;
31/03/22;18;40;3332;;;
01/04/22;17;44;2930;;;
02/04/22;6;42;2300;;;
03/04/22;-21;8;1933;;;
04/04/22;-2;25;1661;;;
05/04/22;-4;20;2282;;;
06/04/22;0;24;2400;;;
07/04/22;1;24;2089;;;
08/04/22;0;21;1755;;;
09/04/22;-1;23;1468;;;
10/04/22;-2;22;1071;;;
11/04/22;3;23;1196;;;
12/04/22;4;25;1455;;;
13/04/22;6;26;1551;;;
14/04/22;11;32;833;;;
15/04/22;10;27;922;;;
16/04/22;3;25;602;;;
17/04/22;3;25;607;;;
18/04/22;7;27;559;;;
19/04/22;3;23;837;;;
20/04/22;11;35;741;;;
21/04/22;13;36;585;;;
22/04/22;10;31;651;;;
23/04/22;13;40;522;;;
24/04/22;15;41;382;;;
25/04/22;20;43;317;;;
26/04/22;25;53;576;;;
27/04/22;26;52;617;;;
28/04/22;33;67;412;;;
29/04/22;34;68;395;;;
30/04/22;24;65;329;;;
01/05/22;22;74;244;;;
02/05/22;21;38;168;;;
03/05/22;37;64;107;;;
04/05/22;41;66;176;;;
05/05/22;45;69;250;;;
06/05/22;31;52;245;;;
07/05/22;18;43;218;;;
08/05/22;18;43;227;;;
09/05/22;24;42;254;;;
10/05/22;23;45;456;;;
11/05/22;22;43;400;;;
12/05/22;20;40;335;;;
13/05/22;16;35;335;;;
14/05/22;13;36;308;;;
15/05/22;16;35;257;;;
16/05/22;25;38;182;;;
17/05/22;15;35;247;;;
18/05/22;14;33;327;;;
19/05/22;11;29;318;;;
20/05/22;9;27;250;;;
21/05/22;9;29;263;;;
22/05/22;11;30;227;;;
23/05/22;13;31;174;;;
24/05/22;11;30;345;;;
25/05/22;15;34;315;;;
26/05/22;18;33;246;;;
27/05/22;12;30;224;;;
28/05/22;11;31;279;;;
29/05/22;10;29;242;;;
30/05/22;13;31;218;;;
31/05/22;14;34;340;;;
01/06/22;23;41;368;;;
02/06/22;12;34;304;;;
03/06/22;13;34;372;;;
04/06/22;10;33;395;;;
05/06/22;8;30;388;;;
06/06/22;11;30;342;;;
07/06/22;14;35;518;;;
08/06/22;13;32;520;;;
09/06/22;12;31;556;;;
10/06/22;12;31;627;;;
11/06/22;10;31;574;;;
12/06/22;9;29;551;;;
13/06/22;11;29;591;;;
14/06/22;12;30;930;;;
15/06/22;12;31;1242;;;
16/06/22;12;31;1173;;;
17/06/22;8;26;1220;;;
18/06/22;9;30;1264;;;
19/06/22;9;29;1167;;;
20/06/22;13;31;1180;;;
21/06/22;12;30;1678;;;
22/06/22;12;30;1985;;;
23/06/22;12;30;1907;;;
24/06/22;11;29;2069;;;
25/06/22;11;32;1831;;;
26/06/22;8;27;1726;;;
27/06/22;13;31;-7533;;;
28/06/22;14;33;11145;;;
29/06/22;16;34;2149;;;
30/06/22;18;39;2248;;;
01/07/22;17;40;2049;;;
02/07/22;16;41;1794;;;
03/07/22;17;39;1614;;;
04/07/22;19;39;1434;;;
05/07/22;17;39;2577;;;
06/07/22;20;39;2743;;;
07/07/22;22;43;2881;;;
08/07/22;19;43;2472;;;
09/07/22;12;42;2705;;;
10/07/22;-2;19;2576;;;
11/07/22;17;39;1681;;;
12/07/22;15;37;3361;;;
13/07/22;15;35;3822;;;
14/07/22;17;37;3584;;;
15/07/22;12;29;3331;;;
16/07/22;10;32;4329;;;
17/07/22;15;39;3540;;;
18/07/22;14;34;3393;;;
19/07/22;14;34;5085;;;
20/07/22;14;35;5653;;;
21/07/22;13;33;5410;;;
22/07/22;11;29;4834;;;
23/07/22;11;32;4943;;;
24/07/22;8;28;4071;;;
25/07/22;11;32;4048;;;
26/07/22;13;34;6483;;;
27/07/22;14;34;6438;;;
28/07/22;16;38;6353;;;
29/07/22;16;38;5831;;;
30/07/22;15;37;5398;;;
31/07/22;14;38;4205;;;
01/08/22;17;41;3696;;;
02/08/22;15;39;5827;;;
03/08/22;15;38;6167;;;
04/08/22;17;38;6527;;;
05/08/22;17;38;5929;;;
06/08/22;15;38;5455;;;
07/08/22;14;37;4279;;;
08/08/22;17;37;4425;;;
09/08/22;15;36;6276;;;
10/08/22;16;38;5926;;;
11/08/22;16;38;5532;;;
12/08/22;12;31;6091;;;
13/08/22;9;31;5104;;;
14/08/22;11;33;4442;;;
15/08/22;17;37;3588;;;
16/08/22;17;38;5869;;;
17/08/22;22;38;5253;;;
18/08/22;17;39;4039;;;
19/08/22;14;33;5163;;;
20/08/22;12;34;4922;;;
21/08/22;9;30;3949;;;
22/08/22;14;34;3300;;;
23/08/22;13;33;4858;;;
24/08/22;14;34;5428;;;
25/08/22;16;38;5214;;;
26/08/22;15;35;4549;;;
27/08/22;14;36;4170;;;
28/08/22;13;35;3228;;;
29/08/22;14;33;2871;;;
30/08/22;13;34;5070;;;
31/08/22;16;38;4563;;;
01/09/22;18;41;4094;;;
02/09/22;17;38;3616;;;
03/09/22;16;40;3260;;;
04/09/22;16;38;2764;;;
05/09/22;16;37;2340;;;
06/09/22;14;35;3607;;;
07/09/22;14;33;3513;;;
08/09/22;15;33;3138;;;
09/09/22;12;28;2804;;;
10/09/22;12;32;2609;;;
11/09/22;15;35;1939;;;
12/09/22;16;33;1848;;;
13/09/22;14;32;2896;;;
14/09/22;17;34;2799;;;
15/09/22;16;35;2651;;;
16/09/22;13;29;2358;;;
17/09/22;13;32;2079;;;
18/09/22;11;30;1683;;;
19/09/22;12;29;1620;;;
20/09/22;10;29;2518;;;
21/09/22;12;29;2384;;;
22/09/22;13;29;2162;;;
23/09/22;13;28;1904;;;
24/09/22;13;32;1724;;;
25/09/22;13;32;1411;;;
26/09/22;13;29;1344;;;
27/09/22;13;30;1976;;;
28/09/22;14;32;1915;;;
29/09/22;14;32;2003;;;
30/09/22;13;32;1857;;;
01/10/22;13;36;1639;;;
02/10/22;12;34;1322;;;
03/10/22;11;30;1134;;;
04/10/22;10;29;1851;;;
05/10/22;15;36;1722;;;
06/10/22;10;29;1831;;;
07/10/22;11;30;1501;;;
08/10/22;12;30;1325;;;
09/10/22;11;30;999;;;
10/10/22;13;32;1195;;;
11/10/22;9;27;2077;;;
12/10/22;12;30;2028;;;
13/10/22;10;27;1830;;;
14/10/22;12;29;1786;;;
15/10/22;10;29;1678;;;