date,retail_and_recreation_percent_change_from_baseline,grocery_and_pharmacy_percent_change_from_baseline,Positif Harian
15-02-20,-2,-2,0
16-02-20,-3,-3,0
17-02-20,-3,-4,0
18-02-20,-3,-2,0
19-02-20,-3,-4,0
20-02-20,-2,-1,0
21-02-20,-2,-3,0
22-02-20,0,0,0
23-02-20,-2,-1,0
24-02-20,-2,-3,0
25-02-20,-5,-2,0
26-02-20,-2,-1,0
27-02-20,0,2,0
28-02-20,1,3,0
29-02-20,2,6,0
01-03-20,1,5,0
02-03-20,5,12,2
03-03-20,3,10,0
04-03-20,0,4,0
05-03-20,4,8,0
06-03-20,2,4,2
07-03-20,3,6,0
08-03-20,1,4,2
09-03-20,2,3,13
10-03-20,3,6,8
11-03-20,3,5,7
12-03-20,2,3,0
13-03-20,2,3,35
14-03-20,-2,3,27
15-03-20,-7,3,21
16-03-20,-7,2,17
17-03-20,-9,1,38
18-03-20,-11,0,55
19-03-20,-16,-5,82
20-03-20,-19,-7,60
21-03-20,-23,-5,81
22-03-20,-32,-15,64
23-03-20,-27,-12,65
24-03-20,-29,-11,107
25-03-20,-38,-20,104
26-03-20,-34,-17,103
27-03-20,-36,-17,153
28-03-20,-42,-20,109
29-03-20,-47,-27,130
30-03-20,-36,-20,129
31-03-20,-35,-16,114
01-04-20,-31,-10,149
02-04-20,-33,-13,113
03-04-20,-35,-17,196
04-04-20,-40,-20,106
05-04-20,-43,-24,181
06-04-20,-34,-20,218
07-04-20,-33,-16,247
08-04-20,-34,-17,218
09-04-20,-31,-13,337
10-04-20,-43,-28,219
11-04-20,-43,-24,330
12-04-20,-46,-27,399
13-04-20,-33,-19,316
14-04-20,-34,-19,282
15-04-20,-35,-19,297
16-04-20,-34,-18,380
17-04-20,-38,-23,407
18-04-20,-43,-25,325
19-04-20,-45,-26,327
20-04-20,-34,-19,185
21-04-20,-35,-19,375
22-04-20,-34,-16,283
23-04-20,-32,-10,357
24-04-20,-49,-30,436
25-04-20,-50,-29,396
26-04-20,-53,-34,275
27-04-20,-43,-28,214
28-04-20,-43,-26,415
29-04-20,-42,-24,260
30-04-20,-40,-19,347
01-05-20,-44,-23,433
02-05-20,-46,-24,292
03-05-20,-48,-28,349
04-05-20,-38,-21,395
05-05-20,-39,-19,484
06-05-20,-38,-18,367
07-05-20,-44,-18,338
08-05-20,-44,-19,336
09-05-20,-48,-22,533
10-05-20,-48,-23,387
11-05-20,-39,-16,233
12-05-20,-38,-13,484
13-05-20,-37,-12,689
14-05-20,-36,-10,568
15-05-20,-36,-9,490
16-05-20,-37,-8,529
17-05-20,-40,-13,489
18-05-20,-33,-10,496
19-05-20,-29,1,486
20-05-20,-26,3,693
21-05-20,-24,12,973
22-05-20,-27,7,634
23-05-20,-35,6,949
24-05-20,-51,-30,526
25-05-20,-40,-17,479
26-05-20,-36,-12,415
27-05-20,-32,-8,686
28-05-20,-32,-8,687
29-05-20,-33,-11,678
30-05-20,-37,-11,557
31-05-20,-37,-13,700
01-06-20,-28,-7,467
02-06-20,-27,-4,609
03-06-20,-27,-4,684
04-06-20,-27,-5,585
05-06-20,-30,-9,703
06-06-20,-31,-8,993
07-06-20,-32,-10,672
08-06-20,-24,-6,847
09-06-20,-26,-7,"1,043"
10-06-20,-24,-4,"1,240"
11-06-20,-23,-5,979
12-06-20,-26,-9,"1,111"
13-06-20,-28,-8,"1,014"
14-06-20,-29,-10,857
15-06-20,-21,-6,"1,017"
16-06-20,-22,-5,"1,106"
17-06-20,-22,-5,"1,031"
18-06-20,-22,-7,"1,331"
19-06-20,-24,-10,"1,041"
20-06-20,-25,-7,"1,226"
21-06-20,-28,-11,862
22-06-20,-21,-8,954
23-06-20,-22,-7,"1,051"
24-06-20,-22,-7,"1,113"
25-06-20,-21,-4,"1,178"
26-06-20,-23,-7,"1,240"
27-06-20,-23,-5,"1,385"
28-06-20,-26,-8,"1,198"
29-06-20,-19,-5,"1,082"
30-06-20,-17,0,"1,293"
01-07-20,-16,2,"1,385"
02-07-20,-17,-1,"1,624"
03-07-20,-18,-2,"1,301"
04-07-20,-18,-1,"1,447"
05-07-20,-20,-2,"1,607"
06-07-20,-18,-4,"1,209"
07-07-20,-14,1,"1,268"
08-07-20,-16,-2,"1,853"
09-07-20,-16,-1,"2,657"
10-07-20,-18,-4,"1,611"
11-07-20,-19,-2,"1,671"
12-07-20,-20,-4,"1,681"
13-07-20,-16,-4,"1,282"
14-07-20,-18,-5,"1,591"
15-07-20,-17,-4,"1,522"
16-07-20,-17,-3,"1,574"
17-07-20,-19,-6,"1,462"
18-07-20,-19,-4,"1,752"
19-07-20,-21,-6,"1,639"
20-07-20,-16,-4,"1,693"
21-07-20,-18,-6,"1,655"
22-07-20,-18,-6,"1,882"
23-07-20,-19,-5,"1,906"
24-07-20,-19,-6,"1,761"
25-07-20,-18,-2,"1,868"
26-07-20,-21,-5,"1,492"
27-07-20,-16,-3,"1,525"
28-07-20,-16,-1,"1,748"
29-07-20,-14,3,"2,381"
30-07-20,-7,18,"1,904"
31-07-20,-29,-13,"2,040"
01-08-20,-22,-2,"1,560"
02-08-20,-20,-1,"1,519"
03-08-20,-13,2,"1,679"
04-08-20,-14,2,"1,922"
05-08-20,-13,2,"1,815"
06-08-20,-13,3,"1,882"
07-08-20,-15,-1,"2,473"
08-08-20,-15,1,"2,277"
09-08-20,-17,-2,"1,893"
10-08-20,-11,2,"1,687"
11-08-20,-15,-2,"1,693"
12-08-20,-12,1,"1,942"
13-08-20,-15,-2,"2,098"
14-08-20,-14,-1,"2,307"
15-08-20,-14,2,"2,345"
16-08-20,-15,0,"2,081"
17-08-20,-11,-2,"1,821"
18-08-20,-14,0,"1,673"
19-08-20,-11,4,"1,902"
20-08-20,-12,1,"2,266"
21-08-20,-15,-3,"2,197"
22-08-20,-18,-5,"2,090"
23-08-20,-21,-7,"2,037"
24-08-20,-14,-3,"1,877"
25-08-20,-14,0,"2,447"
26-08-20,-14,0,"2,306"
27-08-20,-13,2,"2,719"
28-08-20,-15,0,"3,003"
29-08-20,-15,1,"3,308"
30-08-20,-15,1,"2,858"
31-08-20,-12,2,"2,743"
01-09-20,-11,6,"2,775"
02-09-20,-12,3,"3,075"
03-09-20,-13,2,"3,622"
04-09-20,-13,1,"3,269"
05-09-20,-13,3,"3,128"
06-09-20,-14,2,"3,444"
07-09-20,-11,2,"2,880"
08-09-20,-12,2,"3,046"
09-09-20,-13,1,"3,307"
10-09-20,-13,1,"3,861"
11-09-20,-14,-3,"3,737"
12-09-20,-14,-1,"3,806"
13-09-20,-17,-4,"3,636"
14-09-20,-16,-5,"3,141"
15-09-20,-17,-5,"3,507"
16-09-20,-15,-2,"3,963"
17-09-20,-16,-3,"3,635"
18-09-20,-19,-6,"3,891"
19-09-20,-19,-3,"4,168"
20-09-20,-24,-9,"3,989"
21-09-20,-19,-7,"4,176"
22-09-20,-22,-8,"4,071"
23-09-20,-23,-6,"4,465"
24-09-20,-23,-7,"4,634"
25-09-20,-24,-6,"4,823"
26-09-20,-24,-4,"4,494"
27-09-20,-26,-8,"3,874"
28-09-20,-21,-4,"3,509"
29-09-20,-22,-4,"4,002"
30-09-20,-20,2,"4,284"
01-10-20,-20,5,"4,174"
02-10-20,-20,1,"4,317"
03-10-20,-19,3,"4,007"
04-10-20,-20,1,"3,992"
05-10-20,-17,2,"3,622"
06-10-20,-19,0,"4,056"
07-10-20,-18,1,"4,538"
08-10-20,-18,0,"4,850"
09-10-20,-20,-4,"4,094"
10-10-20,-22,-4,"4,294"
11-10-20,-19,-1,"4,497"
12-10-20,-17,-1,"3,267"
13-10-20,-19,-2,"3,906"
14-10-20,-16,0,"4,127"
15-10-20,-16,2,"4,411"
16-10-20,-20,-3,"4,301"
17-10-20,-17,3,"4,301"
18-10-20,-19,-1,"4,105"
19-10-20,-20,-3,"3,373"
20-10-20,-19,-2,"3,602"
21-10-20,-20,-4,"4,267"
22-10-20,-17,1,"4,432"
23-10-20,-18,-1,"4,369"
24-10-20,-18,1,"4,070"
25-10-20,-19,-1,"3,732"
26-10-20,-17,-1,"3,222"
27-10-20,-16,4,"3,520"
28-10-20,-10,10,"4,029"
29-10-20,-9,6,"3,565"
30-10-20,-16,-2,"2,897"
31-10-20,-23,-8,"3,143"
01-11-20,-18,0,"2,696"
02-11-20,-15,2,"2,618"
03-11-20,-15,2,"2,973"
04-11-20,-14,2,"3,356"
05-11-20,-16,0,"4,065"
06-11-20,-16,0,"3,778"
07-11-20,-15,0,"4,262"
08-11-20,-17,-1,"3,880"
09-11-20,-16,0,"2,853"
10-11-20,-16,0,"3,779"
11-11-20,-14,2,"3,770"
12-11-20,-14,1,"4,173"
13-11-20,-16,-2,"5,444"
14-11-20,-16,-1,"5,272"
15-11-20,-17,-2,"4,106"
16-11-20,-16,-1,"3,535"
17-11-20,-17,-1,"3,807"
18-11-20,-16,0,"4,265"
19-11-20,-17,-1,"4,798"
20-11-20,-17,-2,"4,792"
21-11-20,-17,-1,"4,998"
22-11-20,-19,-4,"4,360"
23-11-20,-19,-6,"4,442"
24-11-20,-19,-4,"4,192"
25-11-20,-16,1,"5,534"
26-11-20,-14,3,"4,917"
27-11-20,-17,-2,"5,828"
28-11-20,-17,0,"5,418"
29-11-20,-19,-3,"6,267"
30-11-20,-14,4,"4,617"
01-12-20,-14,7,"5,092"
02-12-20,-13,7,"5,533"
03-12-20,-13,5,"8,369"
04-12-20,-15,2,"5,803"
05-12-20,-17,1,"6,027"
06-12-20,-18,-2,"6,089"
07-12-20,-16,1,"5,754"
08-12-20,-13,5,"5,292"
09-12-20,-14,1,"6,058"
10-12-20,-14,6,"6,033"
11-12-20,-16,1,"6,310"
12-12-20,-19,1,"6,388"
13-12-20,-18,-1,"6,189"
14-12-20,-15,2,"5,489"
15-12-20,-15,3,"6,120"
16-12-20,-14,4,"6,725"
17-12-20,-15,3,"7,354"
18-12-20,-16,2,"6,689"
19-12-20,-15,5,"7,751"
20-12-20,-15,3,"6,982"
21-12-20,-11,5,"6,848"
22-12-20,-11,6,"6,347"
23-12-20,-8,12,"7,514"
24-12-20,-7,13,"7,199"
25-12-20,-16,-1,"7,259"
26-12-20,-19,0,"6,740"
27-12-20,-18,-1,"6,528"
28-12-20,-12,6,"5,854"
29-12-20,-15,3,"7,903"
30-12-20,-12,9,"8,002"
31-12-20,-7,23,"8,074"
01-01-21,-25,-8,"8,072"
02-01-21,-20,3,"7,203"
03-01-21,-21,-2,"6,877"
04-01-21,-15,5,"6,753"
05-01-21,-18,3,"7,445"
06-01-21,-15,4,"8,854"
07-01-21,-16,4,"9,321"
08-01-21,-18,0,"10,617"
09-01-21,-22,-4,"10,046"
10-01-21,-20,-1,"9,640"
11-01-21,-18,-2,"8,692"
12-01-21,-22,-6,"10,047"
13-01-21,-23,-8,"11,278"
14-01-21,-25,-12,"11,557"
15-01-21,-30,-18,"12,818"
16-01-21,-32,-19,"14,224"
17-01-21,-32,-19,"11,287"
18-01-21,-30,-19,"9,086"
19-01-21,-29,-16,"10,365"
20-01-21,-28,-15,"12,568"
21-01-21,-27,-15,"11,703"
22-01-21,-29,-17,"13,632"
23-01-21,-27,-13,"12,191"
24-01-21,-32,-20,"11,788"
25-01-21,-25,-12,"9,994"
26-01-21,-27,-14,"13,094"
27-01-21,-26,-12,"11,948"
28-01-21,-24,-9,"13,695"
29-01-21,-27,-12,"13,802"
30-01-21,-27,-8,"14,518"
31-01-21,-24,-5,"12,001"
01-02-21,-23,-5,"10,994"
02-02-21,-22,-3,"10,379"
03-02-21,-25,-9,"11,984"
04-02-21,-24,-8,"11,434"
05-02-21,-21,-4,"11,749"
06-02-21,-26,-10,"12,156"
07-02-21,-30,-16,"10,827"
08-02-21,-23,-8,"8,242"
09-02-21,-21,-4,"8,700"
10-02-21,-20,-3,"8,776"
11-02-21,-16,1,"8,435"
12-02-21,-22,-8,"9,869"
13-02-21,-24,-7,"8,844"
14-02-21,-26,-9,"6,765"
15-02-21,-21,-5,"6,462"
16-02-21,-23,-6,"10,029"
17-02-21,-21,-4,"9,687"
18-02-21,-24,-8,"9,039"
19-02-21,-23,-6,"10,614"
20-02-21,-25,-6,"8,054"
21-02-21,-23,-5,"7,300"
22-02-21,-21,-5,"10,180"
23-02-21,-23,-7,"9,775"
24-02-21,-22,-6,"7,533"
25-02-21,-19,0,"8,493"
26-02-21,-19,0,"8,232"
27-02-21,-18,4,"6,208"
28-02-21,-17,4,"5,560"
01-03-21,-16,5,"6,680"
02-03-21,-18,2,"5,712"
03-03-21,-16,5,"6,808"
04-03-21,-17,2,"7,264"
05-03-21,-17,1,"6,995"
06-03-21,-18,2,"5,743"
07-03-21,-20,-1,"5,826"
08-03-21,-18,0,"6,894"
09-03-21,-17,1,"6,389"
10-03-21,-14,6,"5,633"
11-03-21,-12,5,"5,144"
12-03-21,-18,0,"6,412"
13-03-21,-17,3,"4,607"
14-03-21,-20,-2,"4,714"
15-03-21,-16,3,"5,589"
16-03-21,-18,0,"5,414"
17-03-21,-16,2,"6,825"
18-03-21,-17,1,"6,570"
19-03-21,-17,1,"6,279"
20-03-21,-16,4,"5,656"
21-03-21,-17,1,"4,396"
22-03-21,-17,1,"5,744"
23-03-21,-18,0,"5,297"
24-03-21,-16,2,"5,227"
25-03-21,-15,4,"6,107"
26-03-21,-14,5,"4,982"
27-03-21,-17,3,"4,461"
28-03-21,-16,5,"4,083"
29-03-21,-15,5,"5,008"
30-03-21,-17,2,"4,682"
31-03-21,-13,7,"5,937"
01-04-21,-9,16,"6,142"
02-04-21,-7,15,"5,325"
03-04-21,-12,10,"4,345"
04-04-21,-12,10,"6,731"
05-04-21,-10,12,"3,712"
06-04-21,-12,10,"4,549"
07-04-21,-10,11,"4,860"
08-04-21,-9,12,"5,504"
09-04-21,-8,11,"5,265"
10-04-21,-8,15,"4,723"
11-04-21,-8,15,"4,127"
12-04-21,-5,22,"4,829"
13-04-21,-30,-1,"5,702"
14-04-21,-25,0,"5,656"
15-04-21,-22,2,"6,177"
16-04-21,-20,2,"5,363"
17-04-21,-23,0,"5,041"
18-04-21,-23,-1,"4,585"
19-04-21,-18,3,"4,952"
20-04-21,-17,6,"5,549"
21-04-21,-15,7,"5,720"
22-04-21,-16,6,"6,243"
23-04-21,-16,4,"5,436"
24-04-21,-17,5,"4,544"
25-04-21,-17,5,"4,402"
26-04-21,-14,7,"5,944"
27-04-21,-14,7,"4,656"
28-04-21,-13,9,"5,241"
29-04-21,-9,14,"5,833"
30-04-21,-8,17,"5,500"
01-05-21,-6,21,"4,512"
02-05-21,-7,19,"4,394"
03-05-21,-2,25,"4,730"
04-05-21,-3,26,"4,369"
05-05-21,-1,27,"5,285"
06-05-21,-2,26,"5,647"
07-05-21,-2,25,"6,327"
08-05-21,-4,25,"6,130"
09-05-21,-2,26,"3,922"
10-05-21,6,36,"4,891"
11-05-21,8,46,"5,021"
12-05-21,6,55,"4,608"
13-05-21,-13,8,"3,448"
14-05-21,-8,15,"2,633"
15-05-21,-7,18,"2,385"
16-05-21,-5,19,"3,080"
17-05-21,1,25,"4,295"
18-05-21,-1,24,"4,185"
19-05-21,-1,23,"4,871"
20-05-21,-2,23,"5,797"
21-05-21,-5,17,"5,746"
22-05-21,-6,18,"5,296"
23-05-21,-6,18,"5,280"
24-05-21,-5,16,"5,907"
25-05-21,-1,24,"5,060"
26-05-21,4,24,"5,034"
27-05-21,0,23,"6,278"
28-05-21,-2,20,"5,862"
29-05-21,-5,18,"6,565"
30-05-21,-1,23,"6,115"
31-05-21,5,27,"5,662"
01-06-21,7,29,"4,824"
02-06-21,3,28,"5,246"
03-06-21,4,29,"5,353"
04-06-21,0,23,"6,486"
05-06-21,1,27,"6,594"
06-06-21,-1,23,"5,832"
07-06-21,2,25,"6,993"
08-06-21,1,24,"6,294"
09-06-21,2,25,"7,725"
10-06-21,2,25,"8,851"
11-06-21,-1,20,"8,124"
12-06-21,-2,22,"7,465"
13-06-21,-3,19,"9,868"
14-06-21,-1,20,"8,189"
15-06-21,-4,18,"8,161"
16-06-21,-2,19,"9,944"
17-06-21,-3,19,"12,624"
18-06-21,-7,14,"12,990"
19-06-21,-11,14,"12,906"
20-06-21,-13,10,"13,737"
21-06-21,-8,15,"14,536"
22-06-21,-8,17,"13,668"
23-06-21,-8,15,"15,308"
24-06-21,-10,14,"20,574"
25-06-21,-8,18,"18,872"
26-06-21,-13,16,"21,095"
27-06-21,-15,11,"21,342"
28-06-21,-8,18,"20,694"
29-06-21,-10,17,"20,467"
30-06-21,-10,20,"21,807"
01-07-21,-6,26,"24,836"
02-07-21,-8,24,"25,830"
03-07-21,-18,17,"27,913"
04-07-21,-22,11,"27,233"
05-07-21,-13,20,"29,745"
06-07-21,-15,19,"31,189"
07-07-21,-15,19,"34,379"
08-07-21,-17,16,"38,391"
09-07-21,-20,11,"38,124"
10-07-21,-25,9,"35,094"
11-07-21,-28,5,"36,197"
12-07-21,-19,12,"40,427"
13-07-21,-21,10,"47,899"
14-07-21,-19,12,"54,517"
15-07-21,-18,13,"56,757"
16-07-21,-22,8,"54,000"
17-07-21,-25,9,"51,952"
18-07-21,-28,5,"44,721"
19-07-21,-14,23,"34,257"
20-07-21,-35,-10,"38,325"
21-07-21,-20,13,"33,772"
22-07-21,-21,14,"49,509"
23-07-21,-24,9,"49,071"
24-07-21,-26,10,"45,416"
25-07-21,-27,8,"38,679"
26-07-21,-18,14,"28,228"
27-07-21,-19,14,"45,203"
28-07-21,-18,15,"47,791"
29-07-21,-17,15,"43,479"
30-07-21,-19,13,"41,168"
31-07-21,-22,14,"37,284"
01-08-21,-22,14,"30,738"
02-08-21,-14,19,"22,404"
03-08-21,-15,18,"33,900"
04-08-21,-13,19,"35,867"
05-08-21,-13,19,"35,764"
06-08-21,-14,17,"39,532"
07-08-21,-16,18,"31,753"
08-08-21,-19,14,"26,415"
09-08-21,-12,17,"20,709"
10-08-21,-13,16,"32,081"
11-08-21,-9,20,"30,625"
12-08-21,-11,17,"24,709"
13-08-21,-14,12,"30,788"
14-08-21,-16,14,"28,598"
15-08-21,-17,11,"20,813"
16-08-21,-8,19,"17,384"
17-08-21,-14,10,"20,741"
18-08-21,-13,14,"15,768"
19-08-21,-12,14,"22,053"
20-08-21,-13,13,"20,004"
21-08-21,-15,12,"16,744"
22-08-21,-16,10,"12,408"
23-08-21,-10,13,"9,604"
24-08-21,-11,12,"19,106"
25-08-21,-8,18,"18,671"
26-08-21,-6,19,"16,899"
27-08-21,-8,15,"12,618"
28-08-21,-9,18,"10,050"
29-08-21,-11,14,"7,427"
30-08-21,-6,16,"5,436"
31-08-21,-6,20,"10,534"
01-09-21,-3,25,"10,337"
02-09-21,0,26,"8,955"
03-09-21,-3,21,"7,797"
04-09-21,-4,23,"6,727"
05-09-21,-4,22,"5,403"
06-09-21,-2,20,"4,413"
07-09-21,-3,20,"7,201"
08-09-21,-3,19,"6,731"
09-09-21,0,23,"5,990"
10-09-21,-2,20,"5,376"
11-09-21,-5,19,"5,001"
12-09-21,-6,18,"3,779"
13-09-21,-2,18,"2,577"
14-09-21,-7,13,"4,128"
15-09-21,0,22,"3,948"
16-09-21,0,22,"3,145"
17-09-21,-1,19,"3,835"
18-09-21,-2,21,"3,385"
19-09-21,-5,17,"2,234"
20-09-21,-1,21,"1,932"
21-09-21,-4,16,"3,263"
22-09-21,-1,19,"2,720"
23-09-21,0,19,"2,881"
24-09-21,-1,19,"2,557"
25-09-21,0,23,"2,137"
26-09-21,-3,18,"1,760"
27-09-21,1,20,"1,390"
28-09-21,0,22,"2,057"
29-09-21,1,22,"1,954"
30-09-21,4,27,"1,690"
01-10-21,5,29,"1,624"
02-10-21,6,32,"1,414"
03-10-21,5,29,"1,142"
04-10-21,4,24,922
05-10-21,5,27,"1,404"
06-10-21,6,27,"1,484"
07-10-21,7,27,"1,393"
08-10-21,5,24,"1,384"
09-10-21,6,28,"1,167"
10-10-21,5,27,894
11-10-21,5,23,620
12-10-21,5,24,"1,261"
13-10-21,6,24,"1,233"
14-10-21,6,25,"1,053"
15-10-21,4,23,915
16-10-21,3,25,997
17-10-21,1,22,747
18-10-21,-2,16,626
19-10-21,3,23,903
20-10-21,10,27,914
21-10-21,4,24,633
22-10-21,2,20,760
23-10-21,2,23,802
24-10-21,2,20,623
25-10-21,4,23,460
26-10-21,3,22,611
27-10-21,3,20,719
28-10-21,6,27,723
29-10-21,5,25,683
30-10-21,4,26,620
31-10-21,4,26,523
01-11-21,4,25,403
02-11-21,4,27,612
03-11-21,9,31,801
04-11-21,5,25,628
05-11-21,6,26,518
06-11-21,8,30,401
07-11-21,3,22,444
08-11-21,8,28,244
09-11-21,3,22,434
10-11-21,5,23,480
11-11-21,8,28,435
12-11-21,4,20,399
13-11-21,3,22,359
14-11-21,5,23,339
15-11-21,4,21,221
16-11-21,4,22,347
17-11-21,7,24,522
18-11-21,8,26,400
19-11-21,4,20,360
20-11-21,4,24,393
21-11-21,6,24,314
22-11-21,5,22,186
23-11-21,2,19,394
24-11-21,7,25,451
25-11-21,7,26,372
26-11-21,4,21,453
27-11-21,3,22,404
28-11-21,3,23,264
29-11-21,8,27,176
30-11-21,6,28,297
01-12-21,10,34,278
02-12-21,13,36,311
03-12-21,11,32,245
04-12-21,5,26,246
05-12-21,7,28,196
06-12-21,5,22,130
07-12-21,6,27,261
08-12-21,11,30,264
09-12-21,10,29,220
10-12-21,8,26,192
11-12-21,7,27,228
12-12-21,10,29,163
13-12-21,11,29,106
14-12-21,8,26,190
15-12-21,10,27,205
16-12-21,10,26,213
17-12-21,9,26,291
18-12-21,8,27,232
19-12-21,11,28,164
20-12-21,9,25,133
21-12-21,9,27,216
22-12-21,15,32,179
23-12-21,10,27,136
24-12-21,14,34,204
25-12-21,5,23,255
26-12-21,8,26,92
27-12-21,9,26,120
28-12-21,11,31,278
29-12-21,13,32,194
30-12-21,16,38,189
31-12-21,20,52,180
01-01-22,3,24,274
02-01-22,11,35,174
03-01-22,14,36,265
04-01-22,11,33,299
05-01-22,12,34,404
06-01-22,10,30,533
07-01-22,6,25,518
08-01-22,8,31,479
09-01-22,7,28,529
10-01-22,7,27,454
11-01-22,1,20,802
12-01-22,5,25,646
13-01-22,8,29,793
14-01-22,6,25,850
15-01-22,5,26,"1,054"
16-01-22,6,26,855
17-01-22,5,23,772
18-01-22,1,21,"1,362"
19-01-22,6,26,"1,745"
20-01-22,6,26,"2,116"
21-01-22,7,25,"2,604"
22-01-22,6,25,"3,205"
23-01-22,7,25,"2,925"
24-01-22,8,26,"2,927"
25-01-22,8,28,"4,878"
26-01-22,9,27,"7,010"
27-01-22,10,28,"8,077"
28-01-22,7,26,"9,905"
29-01-22,9,32,"11,588"
30-01-22,8,28,"12,422"
31-01-22,14,34,"10,185"
01-02-22,16,34,"16,021"
02-02-22,12,36,"17,895"
03-02-22,9,32,"27,197"
04-02-22,5,24,"32,211"
05-02-22,4,28,"33,729"
06-02-22,4,26,"36,057"
07-02-22,7,28,"26,121"
08-02-22,4,24,"37,492"
09-02-22,3,23,"46,843"
10-02-22,7,30,"40,618"
11-02-22,3,24,"40,489"
12-02-22,1,24,"55,209"
13-02-22,-1,21,"44,526"
14-02-22,5,27,"36,501"
15-02-22,1,23,"57,049"
16-02-22,1,21,"64,718"
17-02-22,2,24,"63,956"
18-02-22,-1,19,"59,635"
19-02-22,0,24,"59,384"
20-02-22,-3,20,"48,484"
21-02-22,1,21,"34,418"
22-02-22,1,22,"57,491"
23-02-22,2,23,"61,488"
24-02-22,3,25,"57,426"
25-02-22,2,27,"49,447"
26-02-22,1,29,"46,643"
27-02-22,6,30,"34,976"
28-02-22,12,32,"25,054"
01-03-22,5,32,"24,728"
02-03-22,8,35,"40,920"
03-03-22,11,33,"37,259"
04-03-22,6,29,"26,347"
05-03-22,2,26,"30,156"
06-03-22,4,27,"24,867"
07-03-22,4,24,"21,380"
08-03-22,4,25,"30,148"
09-03-22,6,27,"26,336"
10-03-22,7,28,"21,311"
11-03-22,6,26,"16,110"
12-03-22,5,28,"14,900"
13-03-22,5,27,"11,585"
14-03-22,6,24,"9,629"
15-03-22,6,26,"14,408"
16-03-22,9,30,"13,018"
17-03-22,8,28,"11,532"
18-03-22,6,24,"9,528"
19-03-22,6,28,"7,951"
20-03-22,5,27,"5,922"
21-03-22,8,26,"4,699"
22-03-22,7,25,"7,464"
23-03-22,8,27,"6,376"
24-03-22,11,30,"5,808"
25-03-22,11,32,"4,857"
26-03-22,8,30,"4,189"
27-03-22,11,32,"3,077"
28-03-22,12,32,"2,798"
29-03-22,12,32,"3,895"
30-03-22,16,36,"3,840"
31-03-22,18,40,"3,332"
01-04-22,17,44,"2,930"
02-04-22,6,42,"2,300"
03-04-22,-21,8,"1,933"
04-04-22,-2,25,"1,661"
05-04-22,-4,20,"2,282"
06-04-22,0,24,"2,400"
07-04-22,1,24,"2,089"
08-04-22,0,21,"1,755"
09-04-22,-1,23,"1,468"
10-04-22,-2,22,"1,071"
11-04-22,3,23,"1,196"
12-04-22,4,25,"1,455"
13-04-22,6,26,"1,551"
14-04-22,11,32,833
15-04-22,10,27,922
16-04-22,3,25,602
17-04-22,3,25,607
18-04-22,7,27,559
19-04-22,3,23,837
20-04-22,11,35,741
21-04-22,13,36,585
22-04-22,10,31,651
23-04-22,13,40,522
24-04-22,15,41,382
25-04-22,20,43,317
26-04-22,25,53,576
27-04-22,26,52,617
28-04-22,33,67,412
29-04-22,34,68,395
30-04-22,24,65,329
01-05-22,22,74,244
02-05-22,21,38,168
03-05-22,37,64,107
04-05-22,41,66,176
05-05-22,45,69,250
06-05-22,31,52,245
07-05-22,18,43,218
08-05-22,18,43,227
09-05-22,24,42,254
10-05-22,23,45,456
11-05-22,22,43,400
12-05-22,20,40,335
13-05-22,16,35,335
14-05-22,13,36,308
15-05-22,16,35,257
16-05-22,25,38,182
17-05-22,15,35,247
18-05-22,14,33,327
19-05-22,11,29,318
20-05-22,9,27,250
21-05-22,9,29,263
22-05-22,11,30,227
23-05-22,13,31,174
24-05-22,11,30,345
25-05-22,15,34,315
26-05-22,18,33,246
27-05-22,12,30,224
28-05-22,11,31,279
29-05-22,10,29,242
30-05-22,13,31,218
31-05-22,14,34,340
01-06-22,23,41,368
02-06-22,12,34,304
03-06-22,13,34,372
04-06-22,10,33,395
05-06-22,8,30,388
06-06-22,11,30,342
07-06-22,14,35,518
08-06-22,13,32,520
09-06-22,12,31,556
10-06-22,12,31,627
11-06-22,10,31,574
12-06-22,9,29,551
13-06-22,11,29,591
14-06-22,12,30,930
15-06-22,12,31,"1,242"
16-06-22,12,31,"1,173"
17-06-22,8,26,"1,220"
18-06-22,9,30,"1,264"
19-06-22,9,29,"1,167"
20-06-22,13,31,"1,180"
21-06-22,12,30,"1,678"
22-06-22,12,30,"1,985"
23-06-22,12,30,"1,907"
24-06-22,11,29,"2,069"
25-06-22,11,32,"1,831"
26-06-22,8,27,"1,726"
27-06-22,13,31,"-7,533"
28-06-22,14,33,"11,145"
29-06-22,16,34,"2,149"
30-06-22,18,39,"2,248"
01-07-22,17,40,"2,049"
02-07-22,16,41,"1,794"
03-07-22,17,39,"1,614"
04-07-22,19,39,"1,434"
05-07-22,17,39,"2,577"
06-07-22,20,39,"2,743"
07-07-22,22,43,"2,881"
08-07-22,19,43,"2,472"
09-07-22,12,42,"2,705"
10-07-22,-2,19,"2,576"
11-07-22,17,39,"1,681"
12-07-22,15,37,"3,361"
13-07-22,15,35,"3,822"
14-07-22,17,37,"3,584"
15-07-22,12,29,"3,331"
16-07-22,10,32,"4,329"
17-07-22,15,39,"3,540"
18-07-22,14,34,"3,393"
19-07-22,14,34,"5,085"
20-07-22,14,35,"5,653"
21-07-22,13,33,"5,410"
22-07-22,11,29,"4,834"
23-07-22,11,32,"4,943"
24-07-22,8,28,"4,071"
25-07-22,11,32,"4,048"
26-07-22,13,34,"6,483"
27-07-22,14,34,"6,438"
28-07-22,16,38,"6,353"
29-07-22,16,38,"5,831"
30-07-22,15,37,"5,398"
31-07-22,14,38,"4,205"
01-08-22,17,41,"3,696"
02-08-22,15,39,"5,827"
03-08-22,15,38,"6,167"
04-08-22,17,38,"6,527"
05-08-22,17,38,"5,929"
06-08-22,15,38,"5,455"
07-08-22,14,37,"4,279"
08-08-22,17,37,"4,425"
09-08-22,15,36,"6,276"
10-08-22,16,38,"5,926"
11-08-22,16,38,"5,532"
12-08-22,12,31,"6,091"
13-08-22,9,31,"5,104"
14-08-22,11,33,"4,442"
15-08-22,17,37,"3,588"
16-08-22,17,38,"5,869"
17-08-22,22,38,"5,253"
18-08-22,17,39,"4,039"
19-08-22,14,33,"5,163"
20-08-22,12,34,"4,922"
21-08-22,9,30,"3,949"
22-08-22,14,34,"3,300"
23-08-22,13,33,"4,858"
24-08-22,14,34,"5,428"
25-08-22,16,38,"5,214"
26-08-22,15,35,"4,549"
27-08-22,14,36,"4,170"
28-08-22,13,35,"3,228"
29-08-22,14,33,"2,871"
30-08-22,13,34,"5,070"
31-08-22,16,38,"4,563"
01-09-22,18,41,"4,094"
02-09-22,17,38,"3,616"
03-09-22,16,40,"3,260"
04-09-22,16,38,"2,764"
05-09-22,16,37,"2,340"
06-09-22,14,35,"3,607"
07-09-22,14,33,"3,513"
08-09-22,15,33,"3,138"
09-09-22,12,28,"2,804"
10-09-22,12,32,"2,609"
11-09-22,15,35,"1,939"
12-09-22,16,33,"1,848"
13-09-22,14,32,"2,896"
14-09-22,17,34,"2,799"
15-09-22,16,35,"2,651"
16-09-22,13,29,"2,358"
17-09-22,13,32,"2,079"
18-09-22,11,30,"1,683"
19-09-22,12,29,"1,620"
20-09-22,10,29,"2,518"
21-09-22,12,29,"2,384"
22-09-22,13,29,"2,162"
23-09-22,13,28,"1,904"
24-09-22,13,32,"1,724"
25-09-22,13,32,"1,411"
26-09-22,13,29,"1,344"
27-09-22,13,30,"1,976"
28-09-22,14,32,"1,915"
29-09-22,14,32,"2,003"
30-09-22,13,32,"1,857"
01-10-22,13,36,"1,639"
02-10-22,12,34,"1,322"
03-10-22,11,30,"1,134"
04-10-22,10,29,"1,851"
05-10-22,15,36,"1,722"
06-10-22,10,29,"1,831"
07-10-22,11,30,"1,501"
08-10-22,12,30,"1,325"
09-10-22,11,30,999
10-10-22,13,32,"1,195"
11-10-22,9,27,"2,077"
12-10-22,12,30,"2,028"
13-10-22,10,27,"1,830"
14-10-22,12,29,"1,786"
15-10-22,10,29,"1,678"
